name, year, amount, age, gender
Bruxelles,2017,8569,1,F
Bruxelles,2017,9126,1,M
Bruxelles,2017,17695,1,T
Antwerpen,2017,9811,1,F
Antwerpen,2017,10379,1,M
Antwerpen,2017,20190,1,T
Limburg,2017,4107,1,F
Limburg,2017,4236,1,M
Limburg,2017,8343,1,T
Oost_Vlaanderen,2017,7576,1,F
Oost_Vlaanderen,2017,8001,1,M
Oost_Vlaanderen,2017,15577,1,T
Vlaams_Brabant,2017,5775,1,F
Vlaams_Brabant,2017,5949,1,M
Vlaams_Brabant,2017,11724,1,T
West_Vlaanderen,2017,5378,1,F
West_Vlaanderen,2017,5704,1,M
West_Vlaanderen,2017,11082,1,T
Brabant_Wallon,2017,2022,1,F
Brabant_Wallon,2017,2064,1,M
Brabant_Wallon,2017,4086,1,T
Hainaut,2017,6963,1,F
Hainaut,2017,7351,1,M
Hainaut,2017,14314,1,T
Liege,2017,5903,1,F
Liege,2017,6024,1,M
Liege,2017,11927,1,T
Luxembourg,2017,1545,1,F
Luxembourg,2017,1641,1,M
Luxembourg,2017,3186,1,T
Namur,2017,2564,1,F
Namur,2017,2675,1,M
Namur,2017,5239,1,T
Bruxelles,2017,8656,2,F
Bruxelles,2017,9090,2,M
Bruxelles,2017,17746,2,T
Antwerpen,2017,10336,2,F
Antwerpen,2017,10775,2,M
Antwerpen,2017,21111,2,T
Limburg,2017,4232,2,F
Limburg,2017,4521,2,M
Limburg,2017,8753,2,T
Oost_Vlaanderen,2017,7721,2,F
Oost_Vlaanderen,2017,8083,2,M
Oost_Vlaanderen,2017,15804,2,T
Vlaams_Brabant,2017,6014,2,F
Vlaams_Brabant,2017,6348,2,M
Vlaams_Brabant,2017,12362,2,T
West_Vlaanderen,2017,5567,2,F
West_Vlaanderen,2017,5818,2,M
West_Vlaanderen,2017,11385,2,T
Brabant_Wallon,2017,2023,2,F
Brabant_Wallon,2017,2145,2,M
Brabant_Wallon,2017,4168,2,T
Hainaut,2017,7175,2,F
Hainaut,2017,7652,2,M
Hainaut,2017,14827,2,T
Liege,2017,6017,2,F
Liege,2017,6335,2,M
Liege,2017,12352,2,T
Luxembourg,2017,1586,2,F
Luxembourg,2017,1692,2,M
Luxembourg,2017,3278,2,T
Namur,2017,2571,2,F
Namur,2017,2763,2,M
Namur,2017,5334,2,T
Bruxelles,2017,8339,3,F
Bruxelles,2017,8794,3,M
Bruxelles,2017,17133,3,T
Antwerpen,2017,10378,3,F
Antwerpen,2017,10673,3,M
Antwerpen,2017,21051,3,T
Limburg,2017,4320,3,F
Limburg,2017,4487,3,M
Limburg,2017,8807,3,T
Oost_Vlaanderen,2017,7731,3,F
Oost_Vlaanderen,2017,8237,3,M
Oost_Vlaanderen,2017,15968,3,T
Vlaams_Brabant,2017,6154,3,F
Vlaams_Brabant,2017,6513,3,M
Vlaams_Brabant,2017,12667,3,T
West_Vlaanderen,2017,5626,3,F
West_Vlaanderen,2017,5936,3,M
West_Vlaanderen,2017,11562,3,T
Brabant_Wallon,2017,2172,3,F
Brabant_Wallon,2017,2165,3,M
Brabant_Wallon,2017,4337,3,T
Hainaut,2017,7318,3,F
Hainaut,2017,7829,3,M
Hainaut,2017,15147,3,T
Liege,2017,5952,3,F
Liege,2017,6459,3,M
Liege,2017,12411,3,T
Luxembourg,2017,1609,3,F
Luxembourg,2017,1736,3,M
Luxembourg,2017,3345,3,T
Namur,2017,2794,3,F
Namur,2017,2699,3,M
Namur,2017,5493,3,T
Bruxelles,2017,8510,4,F
Bruxelles,2017,8764,4,M
Bruxelles,2017,17274,4,T
Antwerpen,2017,10589,4,F
Antwerpen,2017,11067,4,M
Antwerpen,2017,21656,4,T
Limburg,2017,4472,4,F
Limburg,2017,4728,4,M
Limburg,2017,9200,4,T
Oost_Vlaanderen,2017,8107,4,F
Oost_Vlaanderen,2017,8379,4,M
Oost_Vlaanderen,2017,16486,4,T
Vlaams_Brabant,2017,6221,4,F
Vlaams_Brabant,2017,6523,4,M
Vlaams_Brabant,2017,12744,4,T
West_Vlaanderen,2017,5744,4,F
West_Vlaanderen,2017,6052,4,M
West_Vlaanderen,2017,11796,4,T
Brabant_Wallon,2017,2122,4,F
Brabant_Wallon,2017,2271,4,M
Brabant_Wallon,2017,4393,4,T
Hainaut,2017,7584,4,F
Hainaut,2017,7900,4,M
Hainaut,2017,15484,4,T
Liege,2017,6384,4,F
Liege,2017,6433,4,M
Liege,2017,12817,4,T
Luxembourg,2017,1705,4,F
Luxembourg,2017,1785,4,M
Luxembourg,2017,3490,4,T
Namur,2017,2769,4,F
Namur,2017,2845,4,M
Namur,2017,5614,4,T
Bruxelles,2017,8244,5,F
Bruxelles,2017,8566,5,M
Bruxelles,2017,16810,5,T
Antwerpen,2017,10603,5,F
Antwerpen,2017,11144,5,M
Antwerpen,2017,21747,5,T
Limburg,2017,4581,5,F
Limburg,2017,4865,5,M
Limburg,2017,9446,5,T
Oost_Vlaanderen,2017,8335,5,F
Oost_Vlaanderen,2017,8645,5,M
Oost_Vlaanderen,2017,16980,5,T
Vlaams_Brabant,2017,6255,5,F
Vlaams_Brabant,2017,6636,5,M
Vlaams_Brabant,2017,12891,5,T
West_Vlaanderen,2017,5872,5,F
West_Vlaanderen,2017,6269,5,M
West_Vlaanderen,2017,12141,5,T
Brabant_Wallon,2017,2182,5,F
Brabant_Wallon,2017,2241,5,M
Brabant_Wallon,2017,4423,5,T
Hainaut,2017,7749,5,F
Hainaut,2017,7966,5,M
Hainaut,2017,15715,5,T
Liege,2017,6343,5,F
Liege,2017,6676,5,M
Liege,2017,13019,5,T
Luxembourg,2017,1723,5,F
Luxembourg,2017,1764,5,M
Luxembourg,2017,3487,5,T
Namur,2017,2792,5,F
Namur,2017,2995,5,M
Namur,2017,5787,5,T
Bruxelles,2017,8247,6,F
Bruxelles,2017,8717,6,M
Bruxelles,2017,16964,6,T
Antwerpen,2017,10821,6,F
Antwerpen,2017,11295,6,M
Antwerpen,2017,22116,6,T
Limburg,2017,4620,6,F
Limburg,2017,4911,6,M
Limburg,2017,9531,6,T
Oost_Vlaanderen,2017,8342,6,F
Oost_Vlaanderen,2017,8686,6,M
Oost_Vlaanderen,2017,17028,6,T
Vlaams_Brabant,2017,6593,6,F
Vlaams_Brabant,2017,6857,6,M
Vlaams_Brabant,2017,13450,6,T
West_Vlaanderen,2017,6090,6,F
West_Vlaanderen,2017,6285,6,M
West_Vlaanderen,2017,12375,6,T
Brabant_Wallon,2017,2318,6,F
Brabant_Wallon,2017,2497,6,M
Brabant_Wallon,2017,4815,6,T
Hainaut,2017,7814,6,F
Hainaut,2017,8145,6,M
Hainaut,2017,15959,6,T
Liege,2017,6522,6,F
Liege,2017,6638,6,M
Liege,2017,13160,6,T
Luxembourg,2017,1739,6,F
Luxembourg,2017,1839,6,M
Luxembourg,2017,3578,6,T
Namur,2017,2779,6,F
Namur,2017,2982,6,M
Namur,2017,5761,6,T
Bruxelles,2017,8005,7,F
Bruxelles,2017,8423,7,M
Bruxelles,2017,16428,7,T
Antwerpen,2017,10529,7,F
Antwerpen,2017,11157,7,M
Antwerpen,2017,21686,7,T
Limburg,2017,4641,7,F
Limburg,2017,4826,7,M
Limburg,2017,9467,7,T
Oost_Vlaanderen,2017,8372,7,F
Oost_Vlaanderen,2017,8841,7,M
Oost_Vlaanderen,2017,17213,7,T
Vlaams_Brabant,2017,6550,7,F
Vlaams_Brabant,2017,6882,7,M
Vlaams_Brabant,2017,13432,7,T
West_Vlaanderen,2017,5962,7,F
West_Vlaanderen,2017,6270,7,M
West_Vlaanderen,2017,12232,7,T
Brabant_Wallon,2017,2337,7,F
Brabant_Wallon,2017,2497,7,M
Brabant_Wallon,2017,4834,7,T
Hainaut,2017,7860,7,F
Hainaut,2017,8223,7,M
Hainaut,2017,16083,7,T
Liege,2017,6524,7,F
Liege,2017,6548,7,M
Liege,2017,13072,7,T
Luxembourg,2017,1747,7,F
Luxembourg,2017,1765,7,M
Luxembourg,2017,3512,7,T
Namur,2017,2777,7,F
Namur,2017,3045,7,M
Namur,2017,5822,7,T
Bruxelles,2017,7691,8,F
Bruxelles,2017,8110,8,M
Bruxelles,2017,15801,8,T
Antwerpen,2017,10490,8,F
Antwerpen,2017,11324,8,M
Antwerpen,2017,21814,8,T
Limburg,2017,4659,8,F
Limburg,2017,4874,8,M
Limburg,2017,9533,8,T
Oost_Vlaanderen,2017,8616,8,F
Oost_Vlaanderen,2017,8831,8,M
Oost_Vlaanderen,2017,17447,8,T
Vlaams_Brabant,2017,6634,8,F
Vlaams_Brabant,2017,6878,8,M
Vlaams_Brabant,2017,13512,8,T
West_Vlaanderen,2017,6153,8,F
West_Vlaanderen,2017,6543,8,M
West_Vlaanderen,2017,12696,8,T
Brabant_Wallon,2017,2337,8,F
Brabant_Wallon,2017,2475,8,M
Brabant_Wallon,2017,4812,8,T
Hainaut,2017,7865,8,F
Hainaut,2017,8284,8,M
Hainaut,2017,16149,8,T
Liege,2017,6277,8,F
Liege,2017,6808,8,M
Liege,2017,13085,8,T
Luxembourg,2017,1790,8,F
Luxembourg,2017,1856,8,M
Luxembourg,2017,3646,8,T
Namur,2017,2857,8,F
Namur,2017,2956,8,M
Namur,2017,5813,8,T
Bruxelles,2017,7543,9,F
Bruxelles,2017,7825,9,M
Bruxelles,2017,15368,9,T
Antwerpen,2017,10444,9,F
Antwerpen,2017,10661,9,M
Antwerpen,2017,21105,9,T
Limburg,2017,4647,9,F
Limburg,2017,4770,9,M
Limburg,2017,9417,9,T
Oost_Vlaanderen,2017,8201,9,F
Oost_Vlaanderen,2017,8599,9,M
Oost_Vlaanderen,2017,16800,9,T
Vlaams_Brabant,2017,6656,9,F
Vlaams_Brabant,2017,6813,9,M
Vlaams_Brabant,2017,13469,9,T
West_Vlaanderen,2017,5905,9,F
West_Vlaanderen,2017,6362,9,M
West_Vlaanderen,2017,12267,9,T
Brabant_Wallon,2017,2349,9,F
Brabant_Wallon,2017,2506,9,M
Brabant_Wallon,2017,4855,9,T
Hainaut,2017,7949,9,F
Hainaut,2017,8348,9,M
Hainaut,2017,16297,9,T
Liege,2017,6113,9,F
Liege,2017,6496,9,M
Liege,2017,12609,9,T
Luxembourg,2017,1773,9,F
Luxembourg,2017,1865,9,M
Luxembourg,2017,3638,9,T
Namur,2017,2865,9,F
Namur,2017,3024,9,M
Namur,2017,5889,9,T
Bruxelles,2017,7264,10,F
Bruxelles,2017,7607,10,M
Bruxelles,2017,14871,10,T
Antwerpen,2017,10112,10,F
Antwerpen,2017,10492,10,M
Antwerpen,2017,20604,10,T
Limburg,2017,4525,10,F
Limburg,2017,4591,10,M
Limburg,2017,9116,10,T
Oost_Vlaanderen,2017,8266,10,F
Oost_Vlaanderen,2017,8653,10,M
Oost_Vlaanderen,2017,16919,10,T
Vlaams_Brabant,2017,6600,10,F
Vlaams_Brabant,2017,6971,10,M
Vlaams_Brabant,2017,13571,10,T
West_Vlaanderen,2017,5889,10,F
West_Vlaanderen,2017,6252,10,M
West_Vlaanderen,2017,12141,10,T
Brabant_Wallon,2017,2432,10,F
Brabant_Wallon,2017,2540,10,M
Brabant_Wallon,2017,4972,10,T
Hainaut,2017,7944,10,F
Hainaut,2017,8268,10,M
Hainaut,2017,16212,10,T
Liege,2017,6403,10,F
Liege,2017,6463,10,M
Liege,2017,12866,10,T
Luxembourg,2017,1793,10,F
Luxembourg,2017,1855,10,M
Luxembourg,2017,3648,10,T
Namur,2017,2880,10,F
Namur,2017,3013,10,M
Namur,2017,5893,10,T
Bruxelles,2017,7044,11,F
Bruxelles,2017,7284,11,M
Bruxelles,2017,14328,11,T
Antwerpen,2017,9865,11,F
Antwerpen,2017,10339,11,M
Antwerpen,2017,20204,11,T
Limburg,2017,4297,11,F
Limburg,2017,4613,11,M
Limburg,2017,8910,11,T
Oost_Vlaanderen,2017,7850,11,F
Oost_Vlaanderen,2017,8459,11,M
Oost_Vlaanderen,2017,16309,11,T
Vlaams_Brabant,2017,6434,11,F
Vlaams_Brabant,2017,6810,11,M
Vlaams_Brabant,2017,13244,11,T
West_Vlaanderen,2017,5841,11,F
West_Vlaanderen,2017,6120,11,M
West_Vlaanderen,2017,11961,11,T
Brabant_Wallon,2017,2369,11,F
Brabant_Wallon,2017,2550,11,M
Brabant_Wallon,2017,4919,11,T
Hainaut,2017,7733,11,F
Hainaut,2017,8225,11,M
Hainaut,2017,15958,11,T
Liege,2017,6198,11,F
Liege,2017,6386,11,M
Liege,2017,12584,11,T
Luxembourg,2017,1783,11,F
Luxembourg,2017,1831,11,M
Luxembourg,2017,3614,11,T
Namur,2017,2838,11,F
Namur,2017,2918,11,M
Namur,2017,5756,11,T
Bruxelles,2017,6775,12,F
Bruxelles,2017,7114,12,M
Bruxelles,2017,13889,12,T
Antwerpen,2017,9506,12,F
Antwerpen,2017,10195,12,M
Antwerpen,2017,19701,12,T
Limburg,2017,4305,12,F
Limburg,2017,4611,12,M
Limburg,2017,8916,12,T
Oost_Vlaanderen,2017,8018,12,F
Oost_Vlaanderen,2017,8211,12,M
Oost_Vlaanderen,2017,16229,12,T
Vlaams_Brabant,2017,6286,12,F
Vlaams_Brabant,2017,6737,12,M
Vlaams_Brabant,2017,13023,12,T
West_Vlaanderen,2017,5723,12,F
West_Vlaanderen,2017,5929,12,M
West_Vlaanderen,2017,11652,12,T
Brabant_Wallon,2017,2364,12,F
Brabant_Wallon,2017,2514,12,M
Brabant_Wallon,2017,4878,12,T
Hainaut,2017,7770,12,F
Hainaut,2017,8128,12,M
Hainaut,2017,15898,12,T
Liege,2017,6061,12,F
Liege,2017,6310,12,M
Liege,2017,12371,12,T
Luxembourg,2017,1773,12,F
Luxembourg,2017,1891,12,M
Luxembourg,2017,3664,12,T
Namur,2017,2852,12,F
Namur,2017,2976,12,M
Namur,2017,5828,12,T
Bruxelles,2017,6514,13,F
Bruxelles,2017,6856,13,M
Bruxelles,2017,13370,13,T
Antwerpen,2017,9421,13,F
Antwerpen,2017,9889,13,M
Antwerpen,2017,19310,13,T
Limburg,2017,4060,13,F
Limburg,2017,4465,13,M
Limburg,2017,8525,13,T
Oost_Vlaanderen,2017,7555,13,F
Oost_Vlaanderen,2017,7771,13,M
Oost_Vlaanderen,2017,15326,13,T
Vlaams_Brabant,2017,6247,13,F
Vlaams_Brabant,2017,6537,13,M
Vlaams_Brabant,2017,12784,13,T
West_Vlaanderen,2017,5558,13,F
West_Vlaanderen,2017,5777,13,M
West_Vlaanderen,2017,11335,13,T
Brabant_Wallon,2017,2355,13,F
Brabant_Wallon,2017,2461,13,M
Brabant_Wallon,2017,4816,13,T
Hainaut,2017,7702,13,F
Hainaut,2017,8028,13,M
Hainaut,2017,15730,13,T
Liege,2017,6158,13,F
Liege,2017,6301,13,M
Liege,2017,12459,13,T
Luxembourg,2017,1717,13,F
Luxembourg,2017,1830,13,M
Luxembourg,2017,3547,13,T
Namur,2017,2838,13,F
Namur,2017,2914,13,M
Namur,2017,5752,13,T
Bruxelles,2017,6350,14,F
Bruxelles,2017,6451,14,M
Bruxelles,2017,12801,14,T
Antwerpen,2017,9158,14,F
Antwerpen,2017,9799,14,M
Antwerpen,2017,18957,14,T
Limburg,2017,4214,14,F
Limburg,2017,4477,14,M
Limburg,2017,8691,14,T
Oost_Vlaanderen,2017,7459,14,F
Oost_Vlaanderen,2017,7692,14,M
Oost_Vlaanderen,2017,15151,14,T
Vlaams_Brabant,2017,6139,14,F
Vlaams_Brabant,2017,6522,14,M
Vlaams_Brabant,2017,12661,14,T
West_Vlaanderen,2017,5663,14,F
West_Vlaanderen,2017,5886,14,M
West_Vlaanderen,2017,11549,14,T
Brabant_Wallon,2017,2301,14,F
Brabant_Wallon,2017,2564,14,M
Brabant_Wallon,2017,4865,14,T
Hainaut,2017,7671,14,F
Hainaut,2017,8067,14,M
Hainaut,2017,15738,14,T
Liege,2017,5994,14,F
Liege,2017,6430,14,M
Liege,2017,12424,14,T
Luxembourg,2017,1766,14,F
Luxembourg,2017,1838,14,M
Luxembourg,2017,3604,14,T
Namur,2017,2842,14,F
Namur,2017,2811,14,M
Namur,2017,5653,14,T
Bruxelles,2017,6307,15,F
Bruxelles,2017,6573,15,M
Bruxelles,2017,12880,15,T
Antwerpen,2017,9233,15,F
Antwerpen,2017,9686,15,M
Antwerpen,2017,18919,15,T
Limburg,2017,4262,15,F
Limburg,2017,4592,15,M
Limburg,2017,8854,15,T
Oost_Vlaanderen,2017,7491,15,F
Oost_Vlaanderen,2017,7957,15,M
Oost_Vlaanderen,2017,15448,15,T
Vlaams_Brabant,2017,6293,15,F
Vlaams_Brabant,2017,6375,15,M
Vlaams_Brabant,2017,12668,15,T
West_Vlaanderen,2017,5752,15,F
West_Vlaanderen,2017,5988,15,M
West_Vlaanderen,2017,11740,15,T
Brabant_Wallon,2017,2552,15,F
Brabant_Wallon,2017,2541,15,M
Brabant_Wallon,2017,5093,15,T
Hainaut,2017,7897,15,F
Hainaut,2017,8406,15,M
Hainaut,2017,16303,15,T
Liege,2017,6339,15,F
Liege,2017,6567,15,M
Liege,2017,12906,15,T
Luxembourg,2017,1750,15,F
Luxembourg,2017,1876,15,M
Luxembourg,2017,3626,15,T
Namur,2017,2856,15,F
Namur,2017,2990,15,M
Namur,2017,5846,15,T
Bruxelles,2017,6208,16,F
Bruxelles,2017,6702,16,M
Bruxelles,2017,12910,16,T
Antwerpen,2017,9518,16,F
Antwerpen,2017,10066,16,M
Antwerpen,2017,19584,16,T
Limburg,2017,4336,16,F
Limburg,2017,4673,16,M
Limburg,2017,9009,16,T
Oost_Vlaanderen,2017,7716,16,F
Oost_Vlaanderen,2017,8201,16,M
Oost_Vlaanderen,2017,15917,16,T
Vlaams_Brabant,2017,6357,16,F
Vlaams_Brabant,2017,6479,16,M
Vlaams_Brabant,2017,12836,16,T
West_Vlaanderen,2017,5942,16,F
West_Vlaanderen,2017,6211,16,M
West_Vlaanderen,2017,12153,16,T
Brabant_Wallon,2017,2461,16,F
Brabant_Wallon,2017,2569,16,M
Brabant_Wallon,2017,5030,16,T
Hainaut,2017,7964,16,F
Hainaut,2017,8455,16,M
Hainaut,2017,16419,16,T
Liege,2017,6259,16,F
Liege,2017,6696,16,M
Liege,2017,12955,16,T
Luxembourg,2017,1885,16,F
Luxembourg,2017,2016,16,M
Luxembourg,2017,3901,16,T
Namur,2017,2987,16,F
Namur,2017,3199,16,M
Namur,2017,6186,16,T
Bruxelles,2017,6252,17,F
Bruxelles,2017,6641,17,M
Bruxelles,2017,12893,17,T
Antwerpen,2017,9539,17,F
Antwerpen,2017,10116,17,M
Antwerpen,2017,19655,17,T
Limburg,2017,4418,17,F
Limburg,2017,4651,17,M
Limburg,2017,9069,17,T
Oost_Vlaanderen,2017,7768,17,F
Oost_Vlaanderen,2017,8020,17,M
Oost_Vlaanderen,2017,15788,17,T
Vlaams_Brabant,2017,6309,17,F
Vlaams_Brabant,2017,6444,17,M
Vlaams_Brabant,2017,12753,17,T
West_Vlaanderen,2017,5855,17,F
West_Vlaanderen,2017,6211,17,M
West_Vlaanderen,2017,12066,17,T
Brabant_Wallon,2017,2466,17,F
Brabant_Wallon,2017,2553,17,M
Brabant_Wallon,2017,5019,17,T
Hainaut,2017,7890,17,F
Hainaut,2017,8108,17,M
Hainaut,2017,15998,17,T
Liege,2017,6164,17,F
Liege,2017,6702,17,M
Liege,2017,12866,17,T
Luxembourg,2017,1653,17,F
Luxembourg,2017,1963,17,M
Luxembourg,2017,3616,17,T
Namur,2017,2829,17,F
Namur,2017,3153,17,M
Namur,2017,5982,17,T
Bruxelles,2017,6209,18,F
Bruxelles,2017,6416,18,M
Bruxelles,2017,12625,18,T
Antwerpen,2017,9710,18,F
Antwerpen,2017,10259,18,M
Antwerpen,2017,19969,18,T
Limburg,2017,4458,18,F
Limburg,2017,4599,18,M
Limburg,2017,9057,18,T
Oost_Vlaanderen,2017,7747,18,F
Oost_Vlaanderen,2017,8246,18,M
Oost_Vlaanderen,2017,15993,18,T
Vlaams_Brabant,2017,6165,18,F
Vlaams_Brabant,2017,6706,18,M
Vlaams_Brabant,2017,12871,18,T
West_Vlaanderen,2017,6172,18,F
West_Vlaanderen,2017,6454,18,M
West_Vlaanderen,2017,12626,18,T
Brabant_Wallon,2017,2397,18,F
Brabant_Wallon,2017,2549,18,M
Brabant_Wallon,2017,4946,18,T
Hainaut,2017,7804,18,F
Hainaut,2017,8152,18,M
Hainaut,2017,15956,18,T
Liege,2017,6240,18,F
Liege,2017,6612,18,M
Liege,2017,12852,18,T
Luxembourg,2017,1753,18,F
Luxembourg,2017,1885,18,M
Luxembourg,2017,3638,18,T
Namur,2017,3029,18,F
Namur,2017,3081,18,M
Namur,2017,6110,18,T
Bruxelles,2017,6516,19,F
Bruxelles,2017,6930,19,M
Bruxelles,2017,13446,19,T
Antwerpen,2017,9968,19,F
Antwerpen,2017,10237,19,M
Antwerpen,2017,20205,19,T
Limburg,2017,4618,19,F
Limburg,2017,4916,19,M
Limburg,2017,9534,19,T
Oost_Vlaanderen,2017,8163,19,F
Oost_Vlaanderen,2017,8499,19,M
Oost_Vlaanderen,2017,16662,19,T
Vlaams_Brabant,2017,6363,19,F
Vlaams_Brabant,2017,6520,19,M
Vlaams_Brabant,2017,12883,19,T
West_Vlaanderen,2017,6199,19,F
West_Vlaanderen,2017,6757,19,M
West_Vlaanderen,2017,12956,19,T
Brabant_Wallon,2017,2497,19,F
Brabant_Wallon,2017,2629,19,M
Brabant_Wallon,2017,5126,19,T
Hainaut,2017,7802,19,F
Hainaut,2017,8095,19,M
Hainaut,2017,15897,19,T
Liege,2017,6426,19,F
Liege,2017,6621,19,M
Liege,2017,13047,19,T
Luxembourg,2017,1734,19,F
Luxembourg,2017,1908,19,M
Luxembourg,2017,3642,19,T
Namur,2017,2930,19,F
Namur,2017,3129,19,M
Namur,2017,6059,19,T
Bruxelles,2017,6914,20,F
Bruxelles,2017,6946,20,M
Bruxelles,2017,13860,20,T
Antwerpen,2017,9910,20,F
Antwerpen,2017,10487,20,M
Antwerpen,2017,20397,20,T
Limburg,2017,4512,20,F
Limburg,2017,4898,20,M
Limburg,2017,9410,20,T
Oost_Vlaanderen,2017,8079,20,F
Oost_Vlaanderen,2017,8501,20,M
Oost_Vlaanderen,2017,16580,20,T
Vlaams_Brabant,2017,6443,20,F
Vlaams_Brabant,2017,6591,20,M
Vlaams_Brabant,2017,13034,20,T
West_Vlaanderen,2017,6509,20,F
West_Vlaanderen,2017,6779,20,M
West_Vlaanderen,2017,13288,20,T
Brabant_Wallon,2017,2556,20,F
Brabant_Wallon,2017,2681,20,M
Brabant_Wallon,2017,5237,20,T
Hainaut,2017,7768,20,F
Hainaut,2017,8260,20,M
Hainaut,2017,16028,20,T
Liege,2017,6542,20,F
Liege,2017,6795,20,M
Liege,2017,13337,20,T
Luxembourg,2017,1763,20,F
Luxembourg,2017,1939,20,M
Luxembourg,2017,3702,20,T
Namur,2017,2982,20,F
Namur,2017,3214,20,M
Namur,2017,6196,20,T
Bruxelles,2017,7178,21,F
Bruxelles,2017,7132,21,M
Bruxelles,2017,14310,21,T
Antwerpen,2017,9982,21,F
Antwerpen,2017,10842,21,M
Antwerpen,2017,20824,21,T
Limburg,2017,4586,21,F
Limburg,2017,4949,21,M
Limburg,2017,9535,21,T
Oost_Vlaanderen,2017,8202,21,F
Oost_Vlaanderen,2017,8379,21,M
Oost_Vlaanderen,2017,16581,21,T
Vlaams_Brabant,2017,6551,21,F
Vlaams_Brabant,2017,6681,21,M
Vlaams_Brabant,2017,13232,21,T
West_Vlaanderen,2017,6439,21,F
West_Vlaanderen,2017,7002,21,M
West_Vlaanderen,2017,13441,21,T
Brabant_Wallon,2017,2458,21,F
Brabant_Wallon,2017,2599,21,M
Brabant_Wallon,2017,5057,21,T
Hainaut,2017,7653,21,F
Hainaut,2017,8082,21,M
Hainaut,2017,15735,21,T
Liege,2017,6505,21,F
Liege,2017,6767,21,M
Liege,2017,13272,21,T
Luxembourg,2017,1691,21,F
Luxembourg,2017,1919,21,M
Luxembourg,2017,3610,21,T
Namur,2017,2902,21,F
Namur,2017,3065,21,M
Namur,2017,5967,21,T
Bruxelles,2017,7426,22,F
Bruxelles,2017,7515,22,M
Bruxelles,2017,14941,22,T
Antwerpen,2017,10354,22,F
Antwerpen,2017,10835,22,M
Antwerpen,2017,21189,22,T
Limburg,2017,4566,22,F
Limburg,2017,5033,22,M
Limburg,2017,9599,22,T
Oost_Vlaanderen,2017,8253,22,F
Oost_Vlaanderen,2017,8557,22,M
Oost_Vlaanderen,2017,16810,22,T
Vlaams_Brabant,2017,6449,22,F
Vlaams_Brabant,2017,6800,22,M
Vlaams_Brabant,2017,13249,22,T
West_Vlaanderen,2017,6684,22,F
West_Vlaanderen,2017,7090,22,M
West_Vlaanderen,2017,13774,22,T
Brabant_Wallon,2017,2484,22,F
Brabant_Wallon,2017,2591,22,M
Brabant_Wallon,2017,5075,22,T
Hainaut,2017,7594,22,F
Hainaut,2017,8007,22,M
Hainaut,2017,15601,22,T
Liege,2017,6693,22,F
Liege,2017,6779,22,M
Liege,2017,13472,22,T
Luxembourg,2017,1614,22,F
Luxembourg,2017,1853,22,M
Luxembourg,2017,3467,22,T
Namur,2017,3029,22,F
Namur,2017,3203,22,M
Namur,2017,6232,22,T
Bruxelles,2017,8381,23,F
Bruxelles,2017,7798,23,M
Bruxelles,2017,16179,23,T
Antwerpen,2017,11049,23,F
Antwerpen,2017,11058,23,M
Antwerpen,2017,22107,23,T
Limburg,2017,5061,23,F
Limburg,2017,5208,23,M
Limburg,2017,10269,23,T
Oost_Vlaanderen,2017,8908,23,F
Oost_Vlaanderen,2017,9076,23,M
Oost_Vlaanderen,2017,17984,23,T
Vlaams_Brabant,2017,6523,23,F
Vlaams_Brabant,2017,6901,23,M
Vlaams_Brabant,2017,13424,23,T
West_Vlaanderen,2017,7055,23,F
West_Vlaanderen,2017,7306,23,M
West_Vlaanderen,2017,14361,23,T
Brabant_Wallon,2017,2499,23,F
Brabant_Wallon,2017,2630,23,M
Brabant_Wallon,2017,5129,23,T
Hainaut,2017,7824,23,F
Hainaut,2017,8351,23,M
Hainaut,2017,16175,23,T
Liege,2017,6993,23,F
Liege,2017,7046,23,M
Liege,2017,14039,23,T
Luxembourg,2017,1727,23,F
Luxembourg,2017,1986,23,M
Luxembourg,2017,3713,23,T
Namur,2017,3002,23,F
Namur,2017,3202,23,M
Namur,2017,6204,23,T
Bruxelles,2017,9216,24,F
Bruxelles,2017,8417,24,M
Bruxelles,2017,17633,24,T
Antwerpen,2017,11497,24,F
Antwerpen,2017,11708,24,M
Antwerpen,2017,23205,24,T
Limburg,2017,5179,24,F
Limburg,2017,5350,24,M
Limburg,2017,10529,24,T
Oost_Vlaanderen,2017,9320,24,F
Oost_Vlaanderen,2017,9432,24,M
Oost_Vlaanderen,2017,18752,24,T
Vlaams_Brabant,2017,6749,24,F
Vlaams_Brabant,2017,7015,24,M
Vlaams_Brabant,2017,13764,24,T
West_Vlaanderen,2017,7032,24,F
West_Vlaanderen,2017,7449,24,M
West_Vlaanderen,2017,14481,24,T
Brabant_Wallon,2017,2573,24,F
Brabant_Wallon,2017,2678,24,M
Brabant_Wallon,2017,5251,24,T
Hainaut,2017,8344,24,F
Hainaut,2017,8570,24,M
Hainaut,2017,16914,24,T
Liege,2017,7187,24,F
Liege,2017,7336,24,M
Liege,2017,14523,24,T
Luxembourg,2017,1807,24,F
Luxembourg,2017,2072,24,M
Luxembourg,2017,3879,24,T
Namur,2017,3190,24,F
Namur,2017,3393,24,M
Namur,2017,6583,24,T
Bruxelles,2017,10071,25,F
Bruxelles,2017,8980,25,M
Bruxelles,2017,19051,25,T
Antwerpen,2017,11685,25,F
Antwerpen,2017,11768,25,M
Antwerpen,2017,23453,25,T
Limburg,2017,5184,25,F
Limburg,2017,5482,25,M
Limburg,2017,10666,25,T
Oost_Vlaanderen,2017,9660,25,F
Oost_Vlaanderen,2017,9704,25,M
Oost_Vlaanderen,2017,19364,25,T
Vlaams_Brabant,2017,6743,25,F
Vlaams_Brabant,2017,7009,25,M
Vlaams_Brabant,2017,13752,25,T
West_Vlaanderen,2017,6903,25,F
West_Vlaanderen,2017,7588,25,M
West_Vlaanderen,2017,14491,25,T
Brabant_Wallon,2017,2525,25,F
Brabant_Wallon,2017,2617,25,M
Brabant_Wallon,2017,5142,25,T
Hainaut,2017,8625,25,F
Hainaut,2017,8708,25,M
Hainaut,2017,17333,25,T
Liege,2017,7416,25,F
Liege,2017,7587,25,M
Liege,2017,15003,25,T
Luxembourg,2017,1824,25,F
Luxembourg,2017,1948,25,M
Luxembourg,2017,3772,25,T
Namur,2017,3150,25,F
Namur,2017,3344,25,M
Namur,2017,6494,25,T
Bruxelles,2017,10705,26,F
Bruxelles,2017,9764,26,M
Bruxelles,2017,20469,26,T
Antwerpen,2017,12172,26,F
Antwerpen,2017,11949,26,M
Antwerpen,2017,24121,26,T
Limburg,2017,5098,26,F
Limburg,2017,5290,26,M
Limburg,2017,10388,26,T
Oost_Vlaanderen,2017,9705,26,F
Oost_Vlaanderen,2017,9819,26,M
Oost_Vlaanderen,2017,19524,26,T
Vlaams_Brabant,2017,6654,26,F
Vlaams_Brabant,2017,6839,26,M
Vlaams_Brabant,2017,13493,26,T
West_Vlaanderen,2017,6741,26,F
West_Vlaanderen,2017,7191,26,M
West_Vlaanderen,2017,13932,26,T
Brabant_Wallon,2017,2430,26,F
Brabant_Wallon,2017,2487,26,M
Brabant_Wallon,2017,4917,26,T
Hainaut,2017,8436,26,F
Hainaut,2017,8625,26,M
Hainaut,2017,17061,26,T
Liege,2017,7463,26,F
Liege,2017,7587,26,M
Liege,2017,15050,26,T
Luxembourg,2017,1831,26,F
Luxembourg,2017,1931,26,M
Luxembourg,2017,3762,26,T
Namur,2017,3085,26,F
Namur,2017,3370,26,M
Namur,2017,6455,26,T
Bruxelles,2017,10863,27,F
Bruxelles,2017,9997,27,M
Bruxelles,2017,20860,27,T
Antwerpen,2017,11661,27,F
Antwerpen,2017,11769,27,M
Antwerpen,2017,23430,27,T
Limburg,2017,5043,27,F
Limburg,2017,5187,27,M
Limburg,2017,10230,27,T
Oost_Vlaanderen,2017,9448,27,F
Oost_Vlaanderen,2017,9665,27,M
Oost_Vlaanderen,2017,19113,27,T
Vlaams_Brabant,2017,6581,27,F
Vlaams_Brabant,2017,6504,27,M
Vlaams_Brabant,2017,13085,27,T
West_Vlaanderen,2017,6619,27,F
West_Vlaanderen,2017,7032,27,M
West_Vlaanderen,2017,13651,27,T
Brabant_Wallon,2017,2358,27,F
Brabant_Wallon,2017,2486,27,M
Brabant_Wallon,2017,4844,27,T
Hainaut,2017,8465,27,F
Hainaut,2017,8765,27,M
Hainaut,2017,17230,27,T
Liege,2017,7363,27,F
Liege,2017,7363,27,M
Liege,2017,14726,27,T
Luxembourg,2017,1808,27,F
Luxembourg,2017,1967,27,M
Luxembourg,2017,3775,27,T
Namur,2017,3252,27,F
Namur,2017,3301,27,M
Namur,2017,6553,27,T
Bruxelles,2017,11057,28,F
Bruxelles,2017,10336,28,M
Bruxelles,2017,21393,28,T
Antwerpen,2017,11969,28,F
Antwerpen,2017,11831,28,M
Antwerpen,2017,23800,28,T
Limburg,2017,5059,28,F
Limburg,2017,5098,28,M
Limburg,2017,10157,28,T
Oost_Vlaanderen,2017,9486,28,F
Oost_Vlaanderen,2017,9445,28,M
Oost_Vlaanderen,2017,18931,28,T
Vlaams_Brabant,2017,6505,28,F
Vlaams_Brabant,2017,6516,28,M
Vlaams_Brabant,2017,13021,28,T
West_Vlaanderen,2017,6633,28,F
West_Vlaanderen,2017,6883,28,M
West_Vlaanderen,2017,13516,28,T
Brabant_Wallon,2017,2290,28,F
Brabant_Wallon,2017,2347,28,M
Brabant_Wallon,2017,4637,28,T
Hainaut,2017,8319,28,F
Hainaut,2017,8547,28,M
Hainaut,2017,16866,28,T
Liege,2017,7332,28,F
Liege,2017,7578,28,M
Liege,2017,14910,28,T
Luxembourg,2017,1876,28,F
Luxembourg,2017,1960,28,M
Luxembourg,2017,3836,28,T
Namur,2017,3291,28,F
Namur,2017,3253,28,M
Namur,2017,6544,28,T
Bruxelles,2017,11144,29,F
Bruxelles,2017,10027,29,M
Bruxelles,2017,21171,29,T
Antwerpen,2017,11867,29,F
Antwerpen,2017,11799,29,M
Antwerpen,2017,23666,29,T
Limburg,2017,5043,29,F
Limburg,2017,5039,29,M
Limburg,2017,10082,29,T
Oost_Vlaanderen,2017,9343,29,F
Oost_Vlaanderen,2017,9524,29,M
Oost_Vlaanderen,2017,18867,29,T
Vlaams_Brabant,2017,6516,29,F
Vlaams_Brabant,2017,6591,29,M
Vlaams_Brabant,2017,13107,29,T
West_Vlaanderen,2017,6408,29,F
West_Vlaanderen,2017,6778,29,M
West_Vlaanderen,2017,13186,29,T
Brabant_Wallon,2017,2152,29,F
Brabant_Wallon,2017,2298,29,M
Brabant_Wallon,2017,4450,29,T
Hainaut,2017,8282,29,F
Hainaut,2017,8307,29,M
Hainaut,2017,16589,29,T
Liege,2017,7189,29,F
Liege,2017,7327,29,M
Liege,2017,14516,29,T
Luxembourg,2017,1832,29,F
Luxembourg,2017,1901,29,M
Luxembourg,2017,3733,29,T
Namur,2017,3107,29,F
Namur,2017,3215,29,M
Namur,2017,6322,29,T
Bruxelles,2017,10807,30,F
Bruxelles,2017,10103,30,M
Bruxelles,2017,20910,30,T
Antwerpen,2017,11817,30,F
Antwerpen,2017,11608,30,M
Antwerpen,2017,23425,30,T
Limburg,2017,5076,30,F
Limburg,2017,5211,30,M
Limburg,2017,10287,30,T
Oost_Vlaanderen,2017,9317,30,F
Oost_Vlaanderen,2017,9485,30,M
Oost_Vlaanderen,2017,18802,30,T
Vlaams_Brabant,2017,6545,30,F
Vlaams_Brabant,2017,6508,30,M
Vlaams_Brabant,2017,13053,30,T
West_Vlaanderen,2017,6484,30,F
West_Vlaanderen,2017,6959,30,M
West_Vlaanderen,2017,13443,30,T
Brabant_Wallon,2017,2249,30,F
Brabant_Wallon,2017,2279,30,M
Brabant_Wallon,2017,4528,30,T
Hainaut,2017,8285,30,F
Hainaut,2017,8475,30,M
Hainaut,2017,16760,30,T
Liege,2017,7152,30,F
Liege,2017,7234,30,M
Liege,2017,14386,30,T
Luxembourg,2017,1819,30,F
Luxembourg,2017,1942,30,M
Luxembourg,2017,3761,30,T
Namur,2017,3150,30,F
Namur,2017,3195,30,M
Namur,2017,6345,30,T
Bruxelles,2017,10569,31,F
Bruxelles,2017,10183,31,M
Bruxelles,2017,20752,31,T
Antwerpen,2017,11780,31,F
Antwerpen,2017,11727,31,M
Antwerpen,2017,23507,31,T
Limburg,2017,5136,31,F
Limburg,2017,5167,31,M
Limburg,2017,10303,31,T
Oost_Vlaanderen,2017,9127,31,F
Oost_Vlaanderen,2017,9293,31,M
Oost_Vlaanderen,2017,18420,31,T
Vlaams_Brabant,2017,6474,31,F
Vlaams_Brabant,2017,6199,31,M
Vlaams_Brabant,2017,12673,31,T
West_Vlaanderen,2017,6464,31,F
West_Vlaanderen,2017,6613,31,M
West_Vlaanderen,2017,13077,31,T
Brabant_Wallon,2017,2265,31,F
Brabant_Wallon,2017,2248,31,M
Brabant_Wallon,2017,4513,31,T
Hainaut,2017,8110,31,F
Hainaut,2017,8187,31,M
Hainaut,2017,16297,31,T
Liege,2017,7051,31,F
Liege,2017,7064,31,M
Liege,2017,14115,31,T
Luxembourg,2017,1739,31,F
Luxembourg,2017,1798,31,M
Luxembourg,2017,3537,31,T
Namur,2017,3098,31,F
Namur,2017,3102,31,M
Namur,2017,6200,31,T
Bruxelles,2017,10527,32,F
Bruxelles,2017,10196,32,M
Bruxelles,2017,20723,32,T
Antwerpen,2017,11878,32,F
Antwerpen,2017,11941,32,M
Antwerpen,2017,23819,32,T
Limburg,2017,5307,32,F
Limburg,2017,5211,32,M
Limburg,2017,10518,32,T
Oost_Vlaanderen,2017,9241,32,F
Oost_Vlaanderen,2017,9411,32,M
Oost_Vlaanderen,2017,18652,32,T
Vlaams_Brabant,2017,6697,32,F
Vlaams_Brabant,2017,6444,32,M
Vlaams_Brabant,2017,13141,32,T
West_Vlaanderen,2017,6551,32,F
West_Vlaanderen,2017,6845,32,M
West_Vlaanderen,2017,13396,32,T
Brabant_Wallon,2017,2293,32,F
Brabant_Wallon,2017,2168,32,M
Brabant_Wallon,2017,4461,32,T
Hainaut,2017,8086,32,F
Hainaut,2017,8108,32,M
Hainaut,2017,16194,32,T
Liege,2017,7033,32,F
Liege,2017,6975,32,M
Liege,2017,14008,32,T
Luxembourg,2017,1714,32,F
Luxembourg,2017,1847,32,M
Luxembourg,2017,3561,32,T
Namur,2017,3118,32,F
Namur,2017,3125,32,M
Namur,2017,6243,32,T
Bruxelles,2017,10049,33,F
Bruxelles,2017,9935,33,M
Bruxelles,2017,19984,33,T
Antwerpen,2017,12111,33,F
Antwerpen,2017,12128,33,M
Antwerpen,2017,24239,33,T
Limburg,2017,5340,33,F
Limburg,2017,5383,33,M
Limburg,2017,10723,33,T
Oost_Vlaanderen,2017,9635,33,F
Oost_Vlaanderen,2017,9512,33,M
Oost_Vlaanderen,2017,19147,33,T
Vlaams_Brabant,2017,6992,33,F
Vlaams_Brabant,2017,6715,33,M
Vlaams_Brabant,2017,13707,33,T
West_Vlaanderen,2017,6673,33,F
West_Vlaanderen,2017,7075,33,M
West_Vlaanderen,2017,13748,33,T
Brabant_Wallon,2017,2266,33,F
Brabant_Wallon,2017,2260,33,M
Brabant_Wallon,2017,4526,33,T
Hainaut,2017,7840,33,F
Hainaut,2017,8044,33,M
Hainaut,2017,15884,33,T
Liege,2017,6734,33,F
Liege,2017,6930,33,M
Liege,2017,13664,33,T
Luxembourg,2017,1660,33,F
Luxembourg,2017,1784,33,M
Luxembourg,2017,3444,33,T
Namur,2017,3017,33,F
Namur,2017,3201,33,M
Namur,2017,6218,33,T
Bruxelles,2017,10159,34,F
Bruxelles,2017,10022,34,M
Bruxelles,2017,20181,34,T
Antwerpen,2017,12050,34,F
Antwerpen,2017,12127,34,M
Antwerpen,2017,24177,34,T
Limburg,2017,5598,34,F
Limburg,2017,5747,34,M
Limburg,2017,11345,34,T
Oost_Vlaanderen,2017,9785,34,F
Oost_Vlaanderen,2017,9853,34,M
Oost_Vlaanderen,2017,19638,34,T
Vlaams_Brabant,2017,7117,34,F
Vlaams_Brabant,2017,6937,34,M
Vlaams_Brabant,2017,14054,34,T
West_Vlaanderen,2017,6757,34,F
West_Vlaanderen,2017,7168,34,M
West_Vlaanderen,2017,13925,34,T
Brabant_Wallon,2017,2340,34,F
Brabant_Wallon,2017,2202,34,M
Brabant_Wallon,2017,4542,34,T
Hainaut,2017,8382,34,F
Hainaut,2017,8196,34,M
Hainaut,2017,16578,34,T
Liege,2017,7067,34,F
Liege,2017,7015,34,M
Liege,2017,14082,34,T
Luxembourg,2017,1746,34,F
Luxembourg,2017,1877,34,M
Luxembourg,2017,3623,34,T
Namur,2017,3105,34,F
Namur,2017,3117,34,M
Namur,2017,6222,34,T
Bruxelles,2017,9822,35,F
Bruxelles,2017,9904,35,M
Bruxelles,2017,19726,35,T
Antwerpen,2017,11990,35,F
Antwerpen,2017,12404,35,M
Antwerpen,2017,24394,35,T
Limburg,2017,5831,35,F
Limburg,2017,5898,35,M
Limburg,2017,11729,35,T
Oost_Vlaanderen,2017,10008,35,F
Oost_Vlaanderen,2017,10171,35,M
Oost_Vlaanderen,2017,20179,35,T
Vlaams_Brabant,2017,7249,35,F
Vlaams_Brabant,2017,7038,35,M
Vlaams_Brabant,2017,14287,35,T
West_Vlaanderen,2017,6825,35,F
West_Vlaanderen,2017,7375,35,M
West_Vlaanderen,2017,14200,35,T
Brabant_Wallon,2017,2352,35,F
Brabant_Wallon,2017,2364,35,M
Brabant_Wallon,2017,4716,35,T
Hainaut,2017,8561,35,F
Hainaut,2017,8397,35,M
Hainaut,2017,16958,35,T
Liege,2017,7154,35,F
Liege,2017,7020,35,M
Liege,2017,14174,35,T
Luxembourg,2017,1818,35,F
Luxembourg,2017,1848,35,M
Luxembourg,2017,3666,35,T
Namur,2017,3145,35,F
Namur,2017,3080,35,M
Namur,2017,6225,35,T
Bruxelles,2017,10194,36,F
Bruxelles,2017,10260,36,M
Bruxelles,2017,20454,36,T
Antwerpen,2017,12357,36,F
Antwerpen,2017,12482,36,M
Antwerpen,2017,24839,36,T
Limburg,2017,5764,36,F
Limburg,2017,5823,36,M
Limburg,2017,11587,36,T
Oost_Vlaanderen,2017,10099,36,F
Oost_Vlaanderen,2017,10018,36,M
Oost_Vlaanderen,2017,20117,36,T
Vlaams_Brabant,2017,7579,36,F
Vlaams_Brabant,2017,7156,36,M
Vlaams_Brabant,2017,14735,36,T
West_Vlaanderen,2017,6943,36,F
West_Vlaanderen,2017,7285,36,M
West_Vlaanderen,2017,14228,36,T
Brabant_Wallon,2017,2492,36,F
Brabant_Wallon,2017,2368,36,M
Brabant_Wallon,2017,4860,36,T
Hainaut,2017,8558,36,F
Hainaut,2017,8585,36,M
Hainaut,2017,17143,36,T
Liege,2017,7103,36,F
Liege,2017,7059,36,M
Liege,2017,14162,36,T
Luxembourg,2017,1824,36,F
Luxembourg,2017,1865,36,M
Luxembourg,2017,3689,36,T
Namur,2017,3212,36,F
Namur,2017,3133,36,M
Namur,2017,6345,36,T
Bruxelles,2017,9590,37,F
Bruxelles,2017,9982,37,M
Bruxelles,2017,19572,37,T
Antwerpen,2017,12001,37,F
Antwerpen,2017,12286,37,M
Antwerpen,2017,24287,37,T
Limburg,2017,5821,37,F
Limburg,2017,5992,37,M
Limburg,2017,11813,37,T
Oost_Vlaanderen,2017,10005,37,F
Oost_Vlaanderen,2017,10305,37,M
Oost_Vlaanderen,2017,20310,37,T
Vlaams_Brabant,2017,7427,37,F
Vlaams_Brabant,2017,7336,37,M
Vlaams_Brabant,2017,14763,37,T
West_Vlaanderen,2017,6911,37,F
West_Vlaanderen,2017,7078,37,M
West_Vlaanderen,2017,13989,37,T
Brabant_Wallon,2017,2448,37,F
Brabant_Wallon,2017,2356,37,M
Brabant_Wallon,2017,4804,37,T
Hainaut,2017,8380,37,F
Hainaut,2017,8373,37,M
Hainaut,2017,16753,37,T
Liege,2017,6782,37,F
Liege,2017,7059,37,M
Liege,2017,13841,37,T
Luxembourg,2017,1777,37,F
Luxembourg,2017,1833,37,M
Luxembourg,2017,3610,37,T
Namur,2017,3044,37,F
Namur,2017,3165,37,M
Namur,2017,6209,37,T
Bruxelles,2017,9453,38,F
Bruxelles,2017,9933,38,M
Bruxelles,2017,19386,38,T
Antwerpen,2017,11776,38,F
Antwerpen,2017,11828,38,M
Antwerpen,2017,23604,38,T
Limburg,2017,5677,38,F
Limburg,2017,5763,38,M
Limburg,2017,11440,38,T
Oost_Vlaanderen,2017,10143,38,F
Oost_Vlaanderen,2017,10171,38,M
Oost_Vlaanderen,2017,20314,38,T
Vlaams_Brabant,2017,7487,38,F
Vlaams_Brabant,2017,7168,38,M
Vlaams_Brabant,2017,14655,38,T
West_Vlaanderen,2017,6933,38,F
West_Vlaanderen,2017,7046,38,M
West_Vlaanderen,2017,13979,38,T
Brabant_Wallon,2017,2502,38,F
Brabant_Wallon,2017,2306,38,M
Brabant_Wallon,2017,4808,38,T
Hainaut,2017,8363,38,F
Hainaut,2017,8357,38,M
Hainaut,2017,16720,38,T
Liege,2017,6754,38,F
Liege,2017,6818,38,M
Liege,2017,13572,38,T
Luxembourg,2017,1777,38,F
Luxembourg,2017,1788,38,M
Luxembourg,2017,3565,38,T
Namur,2017,2944,38,F
Namur,2017,3129,38,M
Namur,2017,6073,38,T
Bruxelles,2017,9132,39,F
Bruxelles,2017,9718,39,M
Bruxelles,2017,18850,39,T
Antwerpen,2017,11410,39,F
Antwerpen,2017,11810,39,M
Antwerpen,2017,23220,39,T
Limburg,2017,5741,39,F
Limburg,2017,5651,39,M
Limburg,2017,11392,39,T
Oost_Vlaanderen,2017,9623,39,F
Oost_Vlaanderen,2017,9667,39,M
Oost_Vlaanderen,2017,19290,39,T
Vlaams_Brabant,2017,7491,39,F
Vlaams_Brabant,2017,7250,39,M
Vlaams_Brabant,2017,14741,39,T
West_Vlaanderen,2017,6858,39,F
West_Vlaanderen,2017,6939,39,M
West_Vlaanderen,2017,13797,39,T
Brabant_Wallon,2017,2620,39,F
Brabant_Wallon,2017,2356,39,M
Brabant_Wallon,2017,4976,39,T
Hainaut,2017,8435,39,F
Hainaut,2017,8456,39,M
Hainaut,2017,16891,39,T
Liege,2017,6594,39,F
Liege,2017,6756,39,M
Liege,2017,13350,39,T
Luxembourg,2017,1838,39,F
Luxembourg,2017,1865,39,M
Luxembourg,2017,3703,39,T
Namur,2017,3076,39,F
Namur,2017,3022,39,M
Namur,2017,6098,39,T
Bruxelles,2017,8851,40,F
Bruxelles,2017,9544,40,M
Bruxelles,2017,18395,40,T
Antwerpen,2017,10969,40,F
Antwerpen,2017,11335,40,M
Antwerpen,2017,22304,40,T
Limburg,2017,5458,40,F
Limburg,2017,5522,40,M
Limburg,2017,10980,40,T
Oost_Vlaanderen,2017,9557,40,F
Oost_Vlaanderen,2017,9910,40,M
Oost_Vlaanderen,2017,19467,40,T
Vlaams_Brabant,2017,7219,40,F
Vlaams_Brabant,2017,7114,40,M
Vlaams_Brabant,2017,14333,40,T
West_Vlaanderen,2017,6700,40,F
West_Vlaanderen,2017,6841,40,M
West_Vlaanderen,2017,13541,40,T
Brabant_Wallon,2017,2786,40,F
Brabant_Wallon,2017,2351,40,M
Brabant_Wallon,2017,5137,40,T
Hainaut,2017,8437,40,F
Hainaut,2017,8387,40,M
Hainaut,2017,16824,40,T
Liege,2017,6815,40,F
Liege,2017,7045,40,M
Liege,2017,13860,40,T
Luxembourg,2017,1770,40,F
Luxembourg,2017,1792,40,M
Luxembourg,2017,3562,40,T
Namur,2017,3033,40,F
Namur,2017,3039,40,M
Namur,2017,6072,40,T
Bruxelles,2017,8325,41,F
Bruxelles,2017,9296,41,M
Bruxelles,2017,17621,41,T
Antwerpen,2017,10993,41,F
Antwerpen,2017,11103,41,M
Antwerpen,2017,22096,41,T
Limburg,2017,5140,41,F
Limburg,2017,5275,41,M
Limburg,2017,10415,41,T
Oost_Vlaanderen,2017,9159,41,F
Oost_Vlaanderen,2017,9633,41,M
Oost_Vlaanderen,2017,18792,41,T
Vlaams_Brabant,2017,7321,41,F
Vlaams_Brabant,2017,6798,41,M
Vlaams_Brabant,2017,14119,41,T
West_Vlaanderen,2017,6482,41,F
West_Vlaanderen,2017,6925,41,M
West_Vlaanderen,2017,13407,41,T
Brabant_Wallon,2017,2660,41,F
Brabant_Wallon,2017,2500,41,M
Brabant_Wallon,2017,5160,41,T
Hainaut,2017,8651,41,F
Hainaut,2017,8584,41,M
Hainaut,2017,17235,41,T
Liege,2017,6784,41,F
Liege,2017,6891,41,M
Liege,2017,13675,41,T
Luxembourg,2017,1897,41,F
Luxembourg,2017,1879,41,M
Luxembourg,2017,3776,41,T
Namur,2017,3050,41,F
Namur,2017,3047,41,M
Namur,2017,6097,41,T
Bruxelles,2017,8376,42,F
Bruxelles,2017,9365,42,M
Bruxelles,2017,17741,42,T
Antwerpen,2017,11030,42,F
Antwerpen,2017,11331,42,M
Antwerpen,2017,22361,42,T
Limburg,2017,5414,42,F
Limburg,2017,5491,42,M
Limburg,2017,10905,42,T
Oost_Vlaanderen,2017,9390,42,F
Oost_Vlaanderen,2017,9779,42,M
Oost_Vlaanderen,2017,19169,42,T
Vlaams_Brabant,2017,7432,42,F
Vlaams_Brabant,2017,7196,42,M
Vlaams_Brabant,2017,14628,42,T
West_Vlaanderen,2017,6925,42,F
West_Vlaanderen,2017,7093,42,M
West_Vlaanderen,2017,14018,42,T
Brabant_Wallon,2017,2658,42,F
Brabant_Wallon,2017,2566,42,M
Brabant_Wallon,2017,5224,42,T
Hainaut,2017,8920,42,F
Hainaut,2017,8977,42,M
Hainaut,2017,17897,42,T
Liege,2017,7042,42,F
Liege,2017,7156,42,M
Liege,2017,14198,42,T
Luxembourg,2017,1790,42,F
Luxembourg,2017,1994,42,M
Luxembourg,2017,3784,42,T
Namur,2017,3204,42,F
Namur,2017,3212,42,M
Namur,2017,6416,42,T
Bruxelles,2017,8213,43,F
Bruxelles,2017,9095,43,M
Bruxelles,2017,17308,43,T
Antwerpen,2017,11311,43,F
Antwerpen,2017,11760,43,M
Antwerpen,2017,23071,43,T
Limburg,2017,5494,43,F
Limburg,2017,5402,43,M
Limburg,2017,10896,43,T
Oost_Vlaanderen,2017,9597,43,F
Oost_Vlaanderen,2017,9964,43,M
Oost_Vlaanderen,2017,19561,43,T
Vlaams_Brabant,2017,7461,43,F
Vlaams_Brabant,2017,7555,43,M
Vlaams_Brabant,2017,15016,43,T
West_Vlaanderen,2017,7067,43,F
West_Vlaanderen,2017,7373,43,M
West_Vlaanderen,2017,14440,43,T
Brabant_Wallon,2017,2838,43,F
Brabant_Wallon,2017,2638,43,M
Brabant_Wallon,2017,5476,43,T
Hainaut,2017,9284,43,F
Hainaut,2017,9449,43,M
Hainaut,2017,18733,43,T
Liege,2017,7266,43,F
Liege,2017,7334,43,M
Liege,2017,14600,43,T
Luxembourg,2017,1965,43,F
Luxembourg,2017,1984,43,M
Luxembourg,2017,3949,43,T
Namur,2017,3192,43,F
Namur,2017,3335,43,M
Namur,2017,6527,43,T
Bruxelles,2017,8164,44,F
Bruxelles,2017,8858,44,M
Bruxelles,2017,17022,44,T
Antwerpen,2017,11953,44,F
Antwerpen,2017,12099,44,M
Antwerpen,2017,24052,44,T
Limburg,2017,5703,44,F
Limburg,2017,5764,44,M
Limburg,2017,11467,44,T
Oost_Vlaanderen,2017,10024,44,F
Oost_Vlaanderen,2017,10484,44,M
Oost_Vlaanderen,2017,20508,44,T
Vlaams_Brabant,2017,7932,44,F
Vlaams_Brabant,2017,7624,44,M
Vlaams_Brabant,2017,15556,44,T
West_Vlaanderen,2017,7417,44,F
West_Vlaanderen,2017,7713,44,M
West_Vlaanderen,2017,15130,44,T
Brabant_Wallon,2017,2900,44,F
Brabant_Wallon,2017,2835,44,M
Brabant_Wallon,2017,5735,44,T
Hainaut,2017,9587,44,F
Hainaut,2017,9645,44,M
Hainaut,2017,19232,44,T
Liege,2017,7388,44,F
Liege,2017,7547,44,M
Liege,2017,14935,44,T
Luxembourg,2017,1988,44,F
Luxembourg,2017,2021,44,M
Luxembourg,2017,4009,44,T
Namur,2017,3382,44,F
Namur,2017,3385,44,M
Namur,2017,6767,44,T
Bruxelles,2017,7979,45,F
Bruxelles,2017,8668,45,M
Bruxelles,2017,16647,45,T
Antwerpen,2017,12428,45,F
Antwerpen,2017,12596,45,M
Antwerpen,2017,25024,45,T
Limburg,2017,5803,45,F
Limburg,2017,5846,45,M
Limburg,2017,11649,45,T
Oost_Vlaanderen,2017,10494,45,F
Oost_Vlaanderen,2017,10693,45,M
Oost_Vlaanderen,2017,21187,45,T
Vlaams_Brabant,2017,7914,45,F
Vlaams_Brabant,2017,7827,45,M
Vlaams_Brabant,2017,15741,45,T
West_Vlaanderen,2017,7812,45,F
West_Vlaanderen,2017,8024,45,M
West_Vlaanderen,2017,15836,45,T
Brabant_Wallon,2017,3078,45,F
Brabant_Wallon,2017,2846,45,M
Brabant_Wallon,2017,5924,45,T
Hainaut,2017,9541,45,F
Hainaut,2017,9792,45,M
Hainaut,2017,19333,45,T
Liege,2017,7553,45,F
Liege,2017,7524,45,M
Liege,2017,15077,45,T
Luxembourg,2017,1974,45,F
Luxembourg,2017,2088,45,M
Luxembourg,2017,4062,45,T
Namur,2017,3381,45,F
Namur,2017,3461,45,M
Namur,2017,6842,45,T
Bruxelles,2017,7978,46,F
Bruxelles,2017,8876,46,M
Bruxelles,2017,16854,46,T
Antwerpen,2017,12637,46,F
Antwerpen,2017,12974,46,M
Antwerpen,2017,25611,46,T
Limburg,2017,6075,46,F
Limburg,2017,6275,46,M
Limburg,2017,12350,46,T
Oost_Vlaanderen,2017,10437,46,F
Oost_Vlaanderen,2017,10871,46,M
Oost_Vlaanderen,2017,21308,46,T
Vlaams_Brabant,2017,8104,46,F
Vlaams_Brabant,2017,8008,46,M
Vlaams_Brabant,2017,16112,46,T
West_Vlaanderen,2017,8025,46,F
West_Vlaanderen,2017,8170,46,M
West_Vlaanderen,2017,16195,46,T
Brabant_Wallon,2017,2826,46,F
Brabant_Wallon,2017,2737,46,M
Brabant_Wallon,2017,5563,46,T
Hainaut,2017,9419,46,F
Hainaut,2017,9632,46,M
Hainaut,2017,19051,46,T
Liege,2017,7520,46,F
Liege,2017,7571,46,M
Liege,2017,15091,46,T
Luxembourg,2017,1872,46,F
Luxembourg,2017,2053,46,M
Luxembourg,2017,3925,46,T
Namur,2017,3377,46,F
Namur,2017,3373,46,M
Namur,2017,6750,46,T
Bruxelles,2017,7806,47,F
Bruxelles,2017,8579,47,M
Bruxelles,2017,16385,47,T
Antwerpen,2017,12311,47,F
Antwerpen,2017,12960,47,M
Antwerpen,2017,25271,47,T
Limburg,2017,6143,47,F
Limburg,2017,6281,47,M
Limburg,2017,12424,47,T
Oost_Vlaanderen,2017,10410,47,F
Oost_Vlaanderen,2017,10612,47,M
Oost_Vlaanderen,2017,21022,47,T
Vlaams_Brabant,2017,8022,47,F
Vlaams_Brabant,2017,7929,47,M
Vlaams_Brabant,2017,15951,47,T
West_Vlaanderen,2017,7924,47,F
West_Vlaanderen,2017,8245,47,M
West_Vlaanderen,2017,16169,47,T
Brabant_Wallon,2017,2933,47,F
Brabant_Wallon,2017,2675,47,M
Brabant_Wallon,2017,5608,47,T
Hainaut,2017,9425,47,F
Hainaut,2017,9369,47,M
Hainaut,2017,18794,47,T
Liege,2017,7233,47,F
Liege,2017,7621,47,M
Liege,2017,14854,47,T
Luxembourg,2017,1954,47,F
Luxembourg,2017,1993,47,M
Luxembourg,2017,3947,47,T
Namur,2017,3278,47,F
Namur,2017,3345,47,M
Namur,2017,6623,47,T
Bruxelles,2017,7658,48,F
Bruxelles,2017,8379,48,M
Bruxelles,2017,16037,48,T
Antwerpen,2017,12564,48,F
Antwerpen,2017,12940,48,M
Antwerpen,2017,25504,48,T
Limburg,2017,6011,48,F
Limburg,2017,6305,48,M
Limburg,2017,12316,48,T
Oost_Vlaanderen,2017,10584,48,F
Oost_Vlaanderen,2017,10757,48,M
Oost_Vlaanderen,2017,21341,48,T
Vlaams_Brabant,2017,8088,48,F
Vlaams_Brabant,2017,7975,48,M
Vlaams_Brabant,2017,16063,48,T
West_Vlaanderen,2017,7841,48,F
West_Vlaanderen,2017,8261,48,M
West_Vlaanderen,2017,16102,48,T
Brabant_Wallon,2017,2765,48,F
Brabant_Wallon,2017,2736,48,M
Brabant_Wallon,2017,5501,48,T
Hainaut,2017,9265,48,F
Hainaut,2017,8976,48,M
Hainaut,2017,18241,48,T
Liege,2017,7441,48,F
Liege,2017,7560,48,M
Liege,2017,15001,48,T
Luxembourg,2017,1903,48,F
Luxembourg,2017,1886,48,M
Luxembourg,2017,3789,48,T
Namur,2017,3312,48,F
Namur,2017,3285,48,M
Namur,2017,6597,48,T
Bruxelles,2017,7176,49,F
Bruxelles,2017,7976,49,M
Bruxelles,2017,15152,49,T
Antwerpen,2017,12437,49,F
Antwerpen,2017,12888,49,M
Antwerpen,2017,25325,49,T
Limburg,2017,6153,49,F
Limburg,2017,6547,49,M
Limburg,2017,12700,49,T
Oost_Vlaanderen,2017,10536,49,F
Oost_Vlaanderen,2017,10867,49,M
Oost_Vlaanderen,2017,21403,49,T
Vlaams_Brabant,2017,7970,49,F
Vlaams_Brabant,2017,8160,49,M
Vlaams_Brabant,2017,16130,49,T
West_Vlaanderen,2017,8041,49,F
West_Vlaanderen,2017,8539,49,M
West_Vlaanderen,2017,16580,49,T
Brabant_Wallon,2017,2929,49,F
Brabant_Wallon,2017,2754,49,M
Brabant_Wallon,2017,5683,49,T
Hainaut,2017,8986,49,F
Hainaut,2017,9233,49,M
Hainaut,2017,18219,49,T
Liege,2017,7500,49,F
Liege,2017,7519,49,M
Liege,2017,15019,49,T
Luxembourg,2017,1906,49,F
Luxembourg,2017,1946,49,M
Luxembourg,2017,3852,49,T
Namur,2017,3411,49,F
Namur,2017,3363,49,M
Namur,2017,6774,49,T
Bruxelles,2017,7286,50,F
Bruxelles,2017,7837,50,M
Bruxelles,2017,15123,50,T
Antwerpen,2017,12827,50,F
Antwerpen,2017,13541,50,M
Antwerpen,2017,26368,50,T
Limburg,2017,6487,50,F
Limburg,2017,6715,50,M
Limburg,2017,13202,50,T
Oost_Vlaanderen,2017,10711,50,F
Oost_Vlaanderen,2017,10929,50,M
Oost_Vlaanderen,2017,21640,50,T
Vlaams_Brabant,2017,8280,50,F
Vlaams_Brabant,2017,8325,50,M
Vlaams_Brabant,2017,16605,50,T
West_Vlaanderen,2017,8382,50,F
West_Vlaanderen,2017,8841,50,M
West_Vlaanderen,2017,17223,50,T
Brabant_Wallon,2017,2900,50,F
Brabant_Wallon,2017,2870,50,M
Brabant_Wallon,2017,5770,50,T
Hainaut,2017,9287,50,F
Hainaut,2017,9303,50,M
Hainaut,2017,18590,50,T
Liege,2017,7662,50,F
Liege,2017,7796,50,M
Liege,2017,15458,50,T
Luxembourg,2017,1894,50,F
Luxembourg,2017,2031,50,M
Luxembourg,2017,3925,50,T
Namur,2017,3446,50,F
Namur,2017,3379,50,M
Namur,2017,6825,50,T
Bruxelles,2017,7225,51,F
Bruxelles,2017,7709,51,M
Bruxelles,2017,14934,51,T
Antwerpen,2017,13176,51,F
Antwerpen,2017,13777,51,M
Antwerpen,2017,26953,51,T
Limburg,2017,6632,51,F
Limburg,2017,6884,51,M
Limburg,2017,13516,51,T
Oost_Vlaanderen,2017,10809,51,F
Oost_Vlaanderen,2017,11100,51,M
Oost_Vlaanderen,2017,21909,51,T
Vlaams_Brabant,2017,8519,51,F
Vlaams_Brabant,2017,8501,51,M
Vlaams_Brabant,2017,17020,51,T
West_Vlaanderen,2017,8672,51,F
West_Vlaanderen,2017,9178,51,M
West_Vlaanderen,2017,17850,51,T
Brabant_Wallon,2017,2999,51,F
Brabant_Wallon,2017,2860,51,M
Brabant_Wallon,2017,5859,51,T
Hainaut,2017,9414,51,F
Hainaut,2017,9456,51,M
Hainaut,2017,18870,51,T
Liege,2017,7800,51,F
Liege,2017,7972,51,M
Liege,2017,15772,51,T
Luxembourg,2017,2034,51,F
Luxembourg,2017,2103,51,M
Luxembourg,2017,4137,51,T
Namur,2017,3489,51,F
Namur,2017,3516,51,M
Namur,2017,7005,51,T
Bruxelles,2017,7211,52,F
Bruxelles,2017,7576,52,M
Bruxelles,2017,14787,52,T
Antwerpen,2017,13600,52,F
Antwerpen,2017,14012,52,M
Antwerpen,2017,27612,52,T
Limburg,2017,6901,52,F
Limburg,2017,7181,52,M
Limburg,2017,14082,52,T
Oost_Vlaanderen,2017,11233,52,F
Oost_Vlaanderen,2017,11593,52,M
Oost_Vlaanderen,2017,22826,52,T
Vlaams_Brabant,2017,8803,52,F
Vlaams_Brabant,2017,8674,52,M
Vlaams_Brabant,2017,17477,52,T
West_Vlaanderen,2017,9037,52,F
West_Vlaanderen,2017,9432,52,M
West_Vlaanderen,2017,18469,52,T
Brabant_Wallon,2017,3037,52,F
Brabant_Wallon,2017,2829,52,M
Brabant_Wallon,2017,5866,52,T
Hainaut,2017,9671,52,F
Hainaut,2017,9647,52,M
Hainaut,2017,19318,52,T
Liege,2017,8166,52,F
Liege,2017,8079,52,M
Liege,2017,16245,52,T
Luxembourg,2017,2064,52,F
Luxembourg,2017,2111,52,M
Luxembourg,2017,4175,52,T
Namur,2017,3604,52,F
Namur,2017,3640,52,M
Namur,2017,7244,52,T
Bruxelles,2017,7006,53,F
Bruxelles,2017,7143,53,M
Bruxelles,2017,14149,53,T
Antwerpen,2017,13466,53,F
Antwerpen,2017,13994,53,M
Antwerpen,2017,27460,53,T
Limburg,2017,6831,53,F
Limburg,2017,7001,53,M
Limburg,2017,13832,53,T
Oost_Vlaanderen,2017,10901,53,F
Oost_Vlaanderen,2017,11322,53,M
Oost_Vlaanderen,2017,22223,53,T
Vlaams_Brabant,2017,8531,53,F
Vlaams_Brabant,2017,8567,53,M
Vlaams_Brabant,2017,17098,53,T
West_Vlaanderen,2017,8833,53,F
West_Vlaanderen,2017,9149,53,M
West_Vlaanderen,2017,17982,53,T
Brabant_Wallon,2017,2963,53,F
Brabant_Wallon,2017,2772,53,M
Brabant_Wallon,2017,5735,53,T
Hainaut,2017,9627,53,F
Hainaut,2017,9413,53,M
Hainaut,2017,19040,53,T
Liege,2017,7910,53,F
Liege,2017,7954,53,M
Liege,2017,15864,53,T
Luxembourg,2017,1995,53,F
Luxembourg,2017,2008,53,M
Luxembourg,2017,4003,53,T
Namur,2017,3571,53,F
Namur,2017,3544,53,M
Namur,2017,7115,53,T
Bruxelles,2017,6792,54,F
Bruxelles,2017,6964,54,M
Bruxelles,2017,13756,54,T
Antwerpen,2017,13221,54,F
Antwerpen,2017,13683,54,M
Antwerpen,2017,26904,54,T
Limburg,2017,6826,54,F
Limburg,2017,7009,54,M
Limburg,2017,13835,54,T
Oost_Vlaanderen,2017,10743,54,F
Oost_Vlaanderen,2017,10980,54,M
Oost_Vlaanderen,2017,21723,54,T
Vlaams_Brabant,2017,8178,54,F
Vlaams_Brabant,2017,8366,54,M
Vlaams_Brabant,2017,16544,54,T
West_Vlaanderen,2017,8696,54,F
West_Vlaanderen,2017,9080,54,M
West_Vlaanderen,2017,17776,54,T
Brabant_Wallon,2017,2890,54,F
Brabant_Wallon,2017,2803,54,M
Brabant_Wallon,2017,5693,54,T
Hainaut,2017,9314,54,F
Hainaut,2017,9039,54,M
Hainaut,2017,18353,54,T
Liege,2017,7619,54,F
Liege,2017,7567,54,M
Liege,2017,15186,54,T
Luxembourg,2017,1887,54,F
Luxembourg,2017,1946,54,M
Luxembourg,2017,3833,54,T
Namur,2017,3485,54,F
Namur,2017,3480,54,M
Namur,2017,6965,54,T
Bruxelles,2017,6761,55,F
Bruxelles,2017,6672,55,M
Bruxelles,2017,13433,55,T
Antwerpen,2017,13316,55,F
Antwerpen,2017,13343,55,M
Antwerpen,2017,26659,55,T
Limburg,2017,6844,55,F
Limburg,2017,6838,55,M
Limburg,2017,13682,55,T
Oost_Vlaanderen,2017,10412,55,F
Oost_Vlaanderen,2017,10850,55,M
Oost_Vlaanderen,2017,21262,55,T
Vlaams_Brabant,2017,8299,55,F
Vlaams_Brabant,2017,8093,55,M
Vlaams_Brabant,2017,16392,55,T
West_Vlaanderen,2017,8671,55,F
West_Vlaanderen,2017,8929,55,M
West_Vlaanderen,2017,17600,55,T
Brabant_Wallon,2017,2862,55,F
Brabant_Wallon,2017,2802,55,M
Brabant_Wallon,2017,5664,55,T
Hainaut,2017,9435,55,F
Hainaut,2017,9174,55,M
Hainaut,2017,18609,55,T
Liege,2017,7818,55,F
Liege,2017,7554,55,M
Liege,2017,15372,55,T
Luxembourg,2017,1909,55,F
Luxembourg,2017,2083,55,M
Luxembourg,2017,3992,55,T
Namur,2017,3597,55,F
Namur,2017,3481,55,M
Namur,2017,7078,55,T
Bruxelles,2017,6943,56,F
Bruxelles,2017,6614,56,M
Bruxelles,2017,13557,56,T
Antwerpen,2017,12788,56,F
Antwerpen,2017,13028,56,M
Antwerpen,2017,25816,56,T
Limburg,2017,6560,56,F
Limburg,2017,6911,56,M
Limburg,2017,13471,56,T
Oost_Vlaanderen,2017,10357,56,F
Oost_Vlaanderen,2017,10429,56,M
Oost_Vlaanderen,2017,20786,56,T
Vlaams_Brabant,2017,8125,56,F
Vlaams_Brabant,2017,8135,56,M
Vlaams_Brabant,2017,16260,56,T
West_Vlaanderen,2017,8521,56,F
West_Vlaanderen,2017,8521,56,M
West_Vlaanderen,2017,17042,56,T
Brabant_Wallon,2017,2893,56,F
Brabant_Wallon,2017,2867,56,M
Brabant_Wallon,2017,5760,56,T
Hainaut,2017,9283,56,F
Hainaut,2017,9271,56,M
Hainaut,2017,18554,56,T
Liege,2017,7642,56,F
Liege,2017,7667,56,M
Liege,2017,15309,56,T
Luxembourg,2017,1858,56,F
Luxembourg,2017,1920,56,M
Luxembourg,2017,3778,56,T
Namur,2017,3483,56,F
Namur,2017,3407,56,M
Namur,2017,6890,56,T
Bruxelles,2017,6608,57,F
Bruxelles,2017,6225,57,M
Bruxelles,2017,12833,57,T
Antwerpen,2017,13166,57,F
Antwerpen,2017,13101,57,M
Antwerpen,2017,26267,57,T
Limburg,2017,6684,57,F
Limburg,2017,6875,57,M
Limburg,2017,13559,57,T
Oost_Vlaanderen,2017,10358,57,F
Oost_Vlaanderen,2017,10449,57,M
Oost_Vlaanderen,2017,20807,57,T
Vlaams_Brabant,2017,7975,57,F
Vlaams_Brabant,2017,8058,57,M
Vlaams_Brabant,2017,16033,57,T
West_Vlaanderen,2017,8329,57,F
West_Vlaanderen,2017,8587,57,M
West_Vlaanderen,2017,16916,57,T
Brabant_Wallon,2017,2912,57,F
Brabant_Wallon,2017,2604,57,M
Brabant_Wallon,2017,5516,57,T
Hainaut,2017,9682,57,F
Hainaut,2017,9117,57,M
Hainaut,2017,18799,57,T
Liege,2017,7731,57,F
Liege,2017,7557,57,M
Liege,2017,15288,57,T
Luxembourg,2017,1882,57,F
Luxembourg,2017,1976,57,M
Luxembourg,2017,3858,57,T
Namur,2017,3412,57,F
Namur,2017,3350,57,M
Namur,2017,6762,57,T
Bruxelles,2017,6342,58,F
Bruxelles,2017,5955,58,M
Bruxelles,2017,12297,58,T
Antwerpen,2017,12520,58,F
Antwerpen,2017,12520,58,M
Antwerpen,2017,25040,58,T
Limburg,2017,6457,58,F
Limburg,2017,6643,58,M
Limburg,2017,13100,58,T
Oost_Vlaanderen,2017,9931,58,F
Oost_Vlaanderen,2017,10371,58,M
Oost_Vlaanderen,2017,20302,58,T
Vlaams_Brabant,2017,7752,58,F
Vlaams_Brabant,2017,7684,58,M
Vlaams_Brabant,2017,15436,58,T
West_Vlaanderen,2017,8264,58,F
West_Vlaanderen,2017,8592,58,M
West_Vlaanderen,2017,16856,58,T
Brabant_Wallon,2017,2742,58,F
Brabant_Wallon,2017,2599,58,M
Brabant_Wallon,2017,5341,58,T
Hainaut,2017,9481,58,F
Hainaut,2017,8916,58,M
Hainaut,2017,18397,58,T
Liege,2017,7653,58,F
Liege,2017,7336,58,M
Liege,2017,14989,58,T
Luxembourg,2017,1813,58,F
Luxembourg,2017,1824,58,M
Luxembourg,2017,3637,58,T
Namur,2017,3367,58,F
Namur,2017,3235,58,M
Namur,2017,6602,58,T
Bruxelles,2017,6055,59,F
Bruxelles,2017,5555,59,M
Bruxelles,2017,11610,59,T
Antwerpen,2017,11927,59,F
Antwerpen,2017,12491,59,M
Antwerpen,2017,24418,59,T
Limburg,2017,6345,59,F
Limburg,2017,6368,59,M
Limburg,2017,12713,59,T
Oost_Vlaanderen,2017,9808,59,F
Oost_Vlaanderen,2017,9859,59,M
Oost_Vlaanderen,2017,19667,59,T
Vlaams_Brabant,2017,7666,59,F
Vlaams_Brabant,2017,7619,59,M
Vlaams_Brabant,2017,15285,59,T
West_Vlaanderen,2017,8178,59,F
West_Vlaanderen,2017,8343,59,M
West_Vlaanderen,2017,16521,59,T
Brabant_Wallon,2017,2635,59,F
Brabant_Wallon,2017,2574,59,M
Brabant_Wallon,2017,5209,59,T
Hainaut,2017,9089,59,F
Hainaut,2017,8660,59,M
Hainaut,2017,17749,59,T
Liege,2017,7500,59,F
Liege,2017,7276,59,M
Liege,2017,14776,59,T
Luxembourg,2017,1821,59,F
Luxembourg,2017,1747,59,M
Luxembourg,2017,3568,59,T
Namur,2017,3324,59,F
Namur,2017,3249,59,M
Namur,2017,6573,59,T
Bruxelles,2017,6022,60,F
Bruxelles,2017,5532,60,M
Bruxelles,2017,11554,60,T
Antwerpen,2017,11724,60,F
Antwerpen,2017,11958,60,M
Antwerpen,2017,23682,60,T
Limburg,2017,6078,60,F
Limburg,2017,6079,60,M
Limburg,2017,12157,60,T
Oost_Vlaanderen,2017,9559,60,F
Oost_Vlaanderen,2017,9528,60,M
Oost_Vlaanderen,2017,19087,60,T
Vlaams_Brabant,2017,7424,60,F
Vlaams_Brabant,2017,7350,60,M
Vlaams_Brabant,2017,14774,60,T
West_Vlaanderen,2017,8344,60,F
West_Vlaanderen,2017,8141,60,M
West_Vlaanderen,2017,16485,60,T
Brabant_Wallon,2017,2671,60,F
Brabant_Wallon,2017,2431,60,M
Brabant_Wallon,2017,5102,60,T
Hainaut,2017,9013,60,F
Hainaut,2017,8554,60,M
Hainaut,2017,17567,60,T
Liege,2017,7233,60,F
Liege,2017,6912,60,M
Liege,2017,14145,60,T
Luxembourg,2017,1733,60,F
Luxembourg,2017,1668,60,M
Luxembourg,2017,3401,60,T
Namur,2017,3251,60,F
Namur,2017,3183,60,M
Namur,2017,6434,60,T
Bruxelles,2017,5820,61,F
Bruxelles,2017,5286,61,M
Bruxelles,2017,11106,61,T
Antwerpen,2017,11767,61,F
Antwerpen,2017,11474,61,M
Antwerpen,2017,23241,61,T
Limburg,2017,5968,61,F
Limburg,2017,6176,61,M
Limburg,2017,12144,61,T
Oost_Vlaanderen,2017,9277,61,F
Oost_Vlaanderen,2017,9297,61,M
Oost_Vlaanderen,2017,18574,61,T
Vlaams_Brabant,2017,7217,61,F
Vlaams_Brabant,2017,7030,61,M
Vlaams_Brabant,2017,14247,61,T
West_Vlaanderen,2017,8134,61,F
West_Vlaanderen,2017,8031,61,M
West_Vlaanderen,2017,16165,61,T
Brabant_Wallon,2017,2660,61,F
Brabant_Wallon,2017,2427,61,M
Brabant_Wallon,2017,5087,61,T
Hainaut,2017,9073,61,F
Hainaut,2017,8166,61,M
Hainaut,2017,17239,61,T
Liege,2017,7132,61,F
Liege,2017,6940,61,M
Liege,2017,14072,61,T
Luxembourg,2017,1681,61,F
Luxembourg,2017,1619,61,M
Luxembourg,2017,3300,61,T
Namur,2017,3162,61,F
Namur,2017,3026,61,M
Namur,2017,6188,61,T
Bruxelles,2017,5589,62,F
Bruxelles,2017,4957,62,M
Bruxelles,2017,10546,62,T
Antwerpen,2017,11300,62,F
Antwerpen,2017,11259,62,M
Antwerpen,2017,22559,62,T
Limburg,2017,5859,62,F
Limburg,2017,5941,62,M
Limburg,2017,11800,62,T
Oost_Vlaanderen,2017,9060,62,F
Oost_Vlaanderen,2017,9018,62,M
Oost_Vlaanderen,2017,18078,62,T
Vlaams_Brabant,2017,6968,62,F
Vlaams_Brabant,2017,6704,62,M
Vlaams_Brabant,2017,13672,62,T
West_Vlaanderen,2017,7927,62,F
West_Vlaanderen,2017,7791,62,M
West_Vlaanderen,2017,15718,62,T
Brabant_Wallon,2017,2505,62,F
Brabant_Wallon,2017,2305,62,M
Brabant_Wallon,2017,4810,62,T
Hainaut,2017,8919,62,F
Hainaut,2017,8173,62,M
Hainaut,2017,17092,62,T
Liege,2017,7049,62,F
Liege,2017,6679,62,M
Liege,2017,13728,62,T
Luxembourg,2017,1634,62,F
Luxembourg,2017,1643,62,M
Luxembourg,2017,3277,62,T
Namur,2017,3080,62,F
Namur,2017,3010,62,M
Namur,2017,6090,62,T
Bruxelles,2017,5456,63,F
Bruxelles,2017,4782,63,M
Bruxelles,2017,10238,63,T
Antwerpen,2017,10753,63,F
Antwerpen,2017,10836,63,M
Antwerpen,2017,21589,63,T
Limburg,2017,5684,63,F
Limburg,2017,5708,63,M
Limburg,2017,11392,63,T
Oost_Vlaanderen,2017,8647,63,F
Oost_Vlaanderen,2017,8597,63,M
Oost_Vlaanderen,2017,17244,63,T
Vlaams_Brabant,2017,6743,63,F
Vlaams_Brabant,2017,6525,63,M
Vlaams_Brabant,2017,13268,63,T
West_Vlaanderen,2017,7589,63,F
West_Vlaanderen,2017,7629,63,M
West_Vlaanderen,2017,15218,63,T
Brabant_Wallon,2017,2487,63,F
Brabant_Wallon,2017,2303,63,M
Brabant_Wallon,2017,4790,63,T
Hainaut,2017,8616,63,F
Hainaut,2017,7871,63,M
Hainaut,2017,16487,63,T
Liege,2017,6799,63,F
Liege,2017,6563,63,M
Liege,2017,13362,63,T
Luxembourg,2017,1582,63,F
Luxembourg,2017,1575,63,M
Luxembourg,2017,3157,63,T
Namur,2017,3195,63,F
Namur,2017,2928,63,M
Namur,2017,6123,63,T
Bruxelles,2017,5352,64,F
Bruxelles,2017,4751,64,M
Bruxelles,2017,10103,64,T
Antwerpen,2017,10588,64,F
Antwerpen,2017,10764,64,M
Antwerpen,2017,21352,64,T
Limburg,2017,5575,64,F
Limburg,2017,5629,64,M
Limburg,2017,11204,64,T
Oost_Vlaanderen,2017,8634,64,F
Oost_Vlaanderen,2017,8480,64,M
Oost_Vlaanderen,2017,17114,64,T
Vlaams_Brabant,2017,6411,64,F
Vlaams_Brabant,2017,6463,64,M
Vlaams_Brabant,2017,12874,64,T
West_Vlaanderen,2017,7679,64,F
West_Vlaanderen,2017,7568,64,M
West_Vlaanderen,2017,15247,64,T
Brabant_Wallon,2017,2490,64,F
Brabant_Wallon,2017,2182,64,M
Brabant_Wallon,2017,4672,64,T
Hainaut,2017,8337,64,F
Hainaut,2017,7601,64,M
Hainaut,2017,15938,64,T
Liege,2017,6635,64,F
Liege,2017,6314,64,M
Liege,2017,12949,64,T
Luxembourg,2017,1640,64,F
Luxembourg,2017,1572,64,M
Luxembourg,2017,3212,64,T
Namur,2017,3085,64,F
Namur,2017,2936,64,M
Namur,2017,6021,64,T
Bruxelles,2017,4821,65,F
Bruxelles,2017,4246,65,M
Bruxelles,2017,9067,65,T
Antwerpen,2017,9852,65,F
Antwerpen,2017,9788,65,M
Antwerpen,2017,19640,65,T
Limburg,2017,5269,65,F
Limburg,2017,5357,65,M
Limburg,2017,10626,65,T
Oost_Vlaanderen,2017,8207,65,F
Oost_Vlaanderen,2017,8413,65,M
Oost_Vlaanderen,2017,16620,65,T
Vlaams_Brabant,2017,6380,65,F
Vlaams_Brabant,2017,5970,65,M
Vlaams_Brabant,2017,12350,65,T
West_Vlaanderen,2017,7367,65,F
West_Vlaanderen,2017,7051,65,M
West_Vlaanderen,2017,14418,65,T
Brabant_Wallon,2017,2403,65,F
Brabant_Wallon,2017,2062,65,M
Brabant_Wallon,2017,4465,65,T
Hainaut,2017,8227,65,F
Hainaut,2017,7322,65,M
Hainaut,2017,15549,65,T
Liege,2017,6547,65,F
Liege,2017,6171,65,M
Liege,2017,12718,65,T
Luxembourg,2017,1487,65,F
Luxembourg,2017,1413,65,M
Luxembourg,2017,2900,65,T
Namur,2017,2958,65,F
Namur,2017,2791,65,M
Namur,2017,5749,65,T
Bruxelles,2017,4976,66,F
Bruxelles,2017,4291,66,M
Bruxelles,2017,9267,66,T
Antwerpen,2017,9906,66,F
Antwerpen,2017,9724,66,M
Antwerpen,2017,19630,66,T
Limburg,2017,5182,66,F
Limburg,2017,5145,66,M
Limburg,2017,10327,66,T
Oost_Vlaanderen,2017,8305,66,F
Oost_Vlaanderen,2017,7991,66,M
Oost_Vlaanderen,2017,16296,66,T
Vlaams_Brabant,2017,6302,66,F
Vlaams_Brabant,2017,5861,66,M
Vlaams_Brabant,2017,12163,66,T
West_Vlaanderen,2017,7275,66,F
West_Vlaanderen,2017,7067,66,M
West_Vlaanderen,2017,14342,66,T
Brabant_Wallon,2017,2433,66,F
Brabant_Wallon,2017,2077,66,M
Brabant_Wallon,2017,4510,66,T
Hainaut,2017,8186,66,F
Hainaut,2017,7180,66,M
Hainaut,2017,15366,66,T
Liege,2017,6675,66,F
Liege,2017,6293,66,M
Liege,2017,12968,66,T
Luxembourg,2017,1374,66,F
Luxembourg,2017,1479,66,M
Luxembourg,2017,2853,66,T
Namur,2017,2938,66,F
Namur,2017,2834,66,M
Namur,2017,5772,66,T
Bruxelles,2017,4682,67,F
Bruxelles,2017,3951,67,M
Bruxelles,2017,8633,67,T
Antwerpen,2017,9764,67,F
Antwerpen,2017,9603,67,M
Antwerpen,2017,19367,67,T
Limburg,2017,5055,67,F
Limburg,2017,5085,67,M
Limburg,2017,10140,67,T
Oost_Vlaanderen,2017,8223,67,F
Oost_Vlaanderen,2017,7951,67,M
Oost_Vlaanderen,2017,16174,67,T
Vlaams_Brabant,2017,6099,67,F
Vlaams_Brabant,2017,5731,67,M
Vlaams_Brabant,2017,11830,67,T
West_Vlaanderen,2017,7256,67,F
West_Vlaanderen,2017,7277,67,M
West_Vlaanderen,2017,14533,67,T
Brabant_Wallon,2017,2358,67,F
Brabant_Wallon,2017,2079,67,M
Brabant_Wallon,2017,4437,67,T
Hainaut,2017,8175,67,F
Hainaut,2017,7398,67,M
Hainaut,2017,15573,67,T
Liege,2017,6423,67,F
Liege,2017,5858,67,M
Liege,2017,12281,67,T
Luxembourg,2017,1447,67,F
Luxembourg,2017,1394,67,M
Luxembourg,2017,2841,67,T
Namur,2017,2942,67,F
Namur,2017,2812,67,M
Namur,2017,5754,67,T
Bruxelles,2017,4657,68,F
Bruxelles,2017,3891,68,M
Bruxelles,2017,8548,68,T
Antwerpen,2017,9686,68,F
Antwerpen,2017,9321,68,M
Antwerpen,2017,19007,68,T
Limburg,2017,4951,68,F
Limburg,2017,4996,68,M
Limburg,2017,9947,68,T
Oost_Vlaanderen,2017,8320,68,F
Oost_Vlaanderen,2017,7751,68,M
Oost_Vlaanderen,2017,16071,68,T
Vlaams_Brabant,2017,6140,68,F
Vlaams_Brabant,2017,5763,68,M
Vlaams_Brabant,2017,11903,68,T
West_Vlaanderen,2017,7483,68,F
West_Vlaanderen,2017,7115,68,M
West_Vlaanderen,2017,14598,68,T
Brabant_Wallon,2017,2464,68,F
Brabant_Wallon,2017,2052,68,M
Brabant_Wallon,2017,4516,68,T
Hainaut,2017,8340,68,F
Hainaut,2017,7247,68,M
Hainaut,2017,15587,68,T
Liege,2017,6463,68,F
Liege,2017,5941,68,M
Liege,2017,12404,68,T
Luxembourg,2017,1484,68,F
Luxembourg,2017,1457,68,M
Luxembourg,2017,2941,68,T
Namur,2017,3064,68,F
Namur,2017,2800,68,M
Namur,2017,5864,68,T
Bruxelles,2017,4691,69,F
Bruxelles,2017,3745,69,M
Bruxelles,2017,8436,69,T
Antwerpen,2017,9789,69,F
Antwerpen,2017,9128,69,M
Antwerpen,2017,18917,69,T
Limburg,2017,4721,69,F
Limburg,2017,4688,69,M
Limburg,2017,9409,69,T
Oost_Vlaanderen,2017,8079,69,F
Oost_Vlaanderen,2017,7639,69,M
Oost_Vlaanderen,2017,15718,69,T
Vlaams_Brabant,2017,5887,69,F
Vlaams_Brabant,2017,5564,69,M
Vlaams_Brabant,2017,11451,69,T
West_Vlaanderen,2017,7334,69,F
West_Vlaanderen,2017,6956,69,M
West_Vlaanderen,2017,14290,69,T
Brabant_Wallon,2017,2435,69,F
Brabant_Wallon,2017,2146,69,M
Brabant_Wallon,2017,4581,69,T
Hainaut,2017,8135,69,F
Hainaut,2017,7189,69,M
Hainaut,2017,15324,69,T
Liege,2017,6288,69,F
Liege,2017,5693,69,M
Liege,2017,11981,69,T
Luxembourg,2017,1482,69,F
Luxembourg,2017,1384,69,M
Luxembourg,2017,2866,69,T
Namur,2017,2902,69,F
Namur,2017,2652,69,M
Namur,2017,5554,69,T
Bruxelles,2017,4549,70,F
Bruxelles,2017,3575,70,M
Bruxelles,2017,8124,70,T
Antwerpen,2017,9730,70,F
Antwerpen,2017,9492,70,M
Antwerpen,2017,19222,70,T
Limburg,2017,4574,70,F
Limburg,2017,4383,70,M
Limburg,2017,8957,70,T
Oost_Vlaanderen,2017,8128,70,F
Oost_Vlaanderen,2017,7867,70,M
Oost_Vlaanderen,2017,15995,70,T
Vlaams_Brabant,2017,5950,70,F
Vlaams_Brabant,2017,5489,70,M
Vlaams_Brabant,2017,11439,70,T
West_Vlaanderen,2017,7561,70,F
West_Vlaanderen,2017,6999,70,M
West_Vlaanderen,2017,14560,70,T
Brabant_Wallon,2017,2401,70,F
Brabant_Wallon,2017,2075,70,M
Brabant_Wallon,2017,4476,70,T
Hainaut,2017,8169,70,F
Hainaut,2017,6884,70,M
Hainaut,2017,15053,70,T
Liege,2017,6032,70,F
Liege,2017,5511,70,M
Liege,2017,11543,70,T
Luxembourg,2017,1401,70,F
Luxembourg,2017,1265,70,M
Luxembourg,2017,2666,70,T
Namur,2017,2802,70,F
Namur,2017,2495,70,M
Namur,2017,5297,70,T
Bruxelles,2017,4073,71,F
Bruxelles,2017,3056,71,M
Bruxelles,2017,7129,71,T
Antwerpen,2017,8469,71,F
Antwerpen,2017,7866,71,M
Antwerpen,2017,16335,71,T
Limburg,2017,4082,71,F
Limburg,2017,4049,71,M
Limburg,2017,8131,71,T
Oost_Vlaanderen,2017,7307,71,F
Oost_Vlaanderen,2017,6605,71,M
Oost_Vlaanderen,2017,13912,71,T
Vlaams_Brabant,2017,5371,71,F
Vlaams_Brabant,2017,4798,71,M
Vlaams_Brabant,2017,10169,71,T
West_Vlaanderen,2017,6902,71,F
West_Vlaanderen,2017,6281,71,M
West_Vlaanderen,2017,13183,71,T
Brabant_Wallon,2017,1922,71,F
Brabant_Wallon,2017,1606,71,M
Brabant_Wallon,2017,3528,71,T
Hainaut,2017,6048,71,F
Hainaut,2017,4869,71,M
Hainaut,2017,10917,71,T
Liege,2017,4831,71,F
Liege,2017,3980,71,M
Liege,2017,8811,71,T
Luxembourg,2017,1000,71,F
Luxembourg,2017,945,71,M
Luxembourg,2017,1945,71,T
Namur,2017,2080,71,F
Namur,2017,1821,71,M
Namur,2017,3901,71,T
Bruxelles,2017,4122,72,F
Bruxelles,2017,3092,72,M
Bruxelles,2017,7214,72,T
Antwerpen,2017,8627,72,F
Antwerpen,2017,7952,72,M
Antwerpen,2017,16579,72,T
Limburg,2017,3889,72,F
Limburg,2017,3659,72,M
Limburg,2017,7548,72,T
Oost_Vlaanderen,2017,7329,72,F
Oost_Vlaanderen,2017,6415,72,M
Oost_Vlaanderen,2017,13744,72,T
Vlaams_Brabant,2017,5165,72,F
Vlaams_Brabant,2017,4800,72,M
Vlaams_Brabant,2017,9965,72,T
West_Vlaanderen,2017,6620,72,F
West_Vlaanderen,2017,6106,72,M
West_Vlaanderen,2017,12726,72,T
Brabant_Wallon,2017,1858,72,F
Brabant_Wallon,2017,1619,72,M
Brabant_Wallon,2017,3477,72,T
Hainaut,2017,5855,72,F
Hainaut,2017,4803,72,M
Hainaut,2017,10658,72,T
Liege,2017,4789,72,F
Liege,2017,3933,72,M
Liege,2017,8722,72,T
Luxembourg,2017,991,72,F
Luxembourg,2017,932,72,M
Luxembourg,2017,1923,72,T
Namur,2017,1949,72,F
Namur,2017,1674,72,M
Namur,2017,3623,72,T
Bruxelles,2017,3771,73,F
Bruxelles,2017,2910,73,M
Bruxelles,2017,6681,73,T
Antwerpen,2017,8050,73,F
Antwerpen,2017,7240,73,M
Antwerpen,2017,15290,73,T
Limburg,2017,3854,73,F
Limburg,2017,3530,73,M
Limburg,2017,7384,73,T
Oost_Vlaanderen,2017,6706,73,F
Oost_Vlaanderen,2017,6086,73,M
Oost_Vlaanderen,2017,12792,73,T
Vlaams_Brabant,2017,5075,73,F
Vlaams_Brabant,2017,4472,73,M
Vlaams_Brabant,2017,9547,73,T
West_Vlaanderen,2017,6270,73,F
West_Vlaanderen,2017,5685,73,M
West_Vlaanderen,2017,11955,73,T
Brabant_Wallon,2017,1708,73,F
Brabant_Wallon,2017,1473,73,M
Brabant_Wallon,2017,3181,73,T
Hainaut,2017,5403,73,F
Hainaut,2017,4254,73,M
Hainaut,2017,9657,73,T
Liege,2017,4448,73,F
Liege,2017,3573,73,M
Liege,2017,8021,73,T
Luxembourg,2017,918,73,F
Luxembourg,2017,847,73,M
Luxembourg,2017,1765,73,T
Namur,2017,1792,73,F
Namur,2017,1562,73,M
Namur,2017,3354,73,T
Bruxelles,2017,3441,74,F
Bruxelles,2017,2602,74,M
Bruxelles,2017,6043,74,T
Antwerpen,2017,7156,74,F
Antwerpen,2017,6295,74,M
Antwerpen,2017,13451,74,T
Limburg,2017,3473,74,F
Limburg,2017,3210,74,M
Limburg,2017,6683,74,T
Oost_Vlaanderen,2017,5606,74,F
Oost_Vlaanderen,2017,5036,74,M
Oost_Vlaanderen,2017,10642,74,T
Vlaams_Brabant,2017,4359,74,F
Vlaams_Brabant,2017,3725,74,M
Vlaams_Brabant,2017,8084,74,T
West_Vlaanderen,2017,5437,74,F
West_Vlaanderen,2017,4817,74,M
West_Vlaanderen,2017,10254,74,T
Brabant_Wallon,2017,1437,74,F
Brabant_Wallon,2017,1230,74,M
Brabant_Wallon,2017,2667,74,T
Hainaut,2017,4474,74,F
Hainaut,2017,3555,74,M
Hainaut,2017,8029,74,T
Liege,2017,4130,74,F
Liege,2017,3276,74,M
Liege,2017,7406,74,T
Luxembourg,2017,906,74,F
Luxembourg,2017,729,74,M
Luxembourg,2017,1635,74,T
Namur,2017,1638,74,F
Namur,2017,1315,74,M
Namur,2017,2953,74,T
Bruxelles,2017,2935,75,F
Bruxelles,2017,2144,75,M
Bruxelles,2017,5079,75,T
Antwerpen,2017,6277,75,F
Antwerpen,2017,5569,75,M
Antwerpen,2017,11846,75,T
Limburg,2017,3106,75,F
Limburg,2017,2805,75,M
Limburg,2017,5911,75,T
Oost_Vlaanderen,2017,5060,75,F
Oost_Vlaanderen,2017,4179,75,M
Oost_Vlaanderen,2017,9239,75,T
Vlaams_Brabant,2017,3929,75,F
Vlaams_Brabant,2017,3272,75,M
Vlaams_Brabant,2017,7201,75,T
West_Vlaanderen,2017,5102,75,F
West_Vlaanderen,2017,4441,75,M
West_Vlaanderen,2017,9543,75,T
Brabant_Wallon,2017,1309,75,F
Brabant_Wallon,2017,1067,75,M
Brabant_Wallon,2017,2376,75,T
Hainaut,2017,4233,75,F
Hainaut,2017,3252,75,M
Hainaut,2017,7485,75,T
Liege,2017,3651,75,F
Liege,2017,3000,75,M
Liege,2017,6651,75,T
Luxembourg,2017,769,75,F
Luxembourg,2017,646,75,M
Luxembourg,2017,1415,75,T
Namur,2017,1620,75,F
Namur,2017,1205,75,M
Namur,2017,2825,75,T
Bruxelles,2017,3468,76,F
Bruxelles,2017,2447,76,M
Bruxelles,2017,5915,76,T
Antwerpen,2017,6917,76,F
Antwerpen,2017,5951,76,M
Antwerpen,2017,12868,76,T
Limburg,2017,3471,76,F
Limburg,2017,3014,76,M
Limburg,2017,6485,76,T
Oost_Vlaanderen,2017,5768,76,F
Oost_Vlaanderen,2017,4651,76,M
Oost_Vlaanderen,2017,10419,76,T
Vlaams_Brabant,2017,4215,76,F
Vlaams_Brabant,2017,3499,76,M
Vlaams_Brabant,2017,7714,76,T
West_Vlaanderen,2017,5397,76,F
West_Vlaanderen,2017,4464,76,M
West_Vlaanderen,2017,9861,76,T
Brabant_Wallon,2017,1440,76,F
Brabant_Wallon,2017,1102,76,M
Brabant_Wallon,2017,2542,76,T
Hainaut,2017,4597,76,F
Hainaut,2017,3489,76,M
Hainaut,2017,8086,76,T
Liege,2017,4244,76,F
Liege,2017,3244,76,M
Liege,2017,7488,76,T
Luxembourg,2017,848,76,F
Luxembourg,2017,721,76,M
Luxembourg,2017,1569,76,T
Namur,2017,1712,76,F
Namur,2017,1383,76,M
Namur,2017,3095,76,T
Bruxelles,2017,3400,77,F
Bruxelles,2017,2326,77,M
Bruxelles,2017,5726,77,T
Antwerpen,2017,7382,77,F
Antwerpen,2017,6073,77,M
Antwerpen,2017,13455,77,T
Limburg,2017,3632,77,F
Limburg,2017,3091,77,M
Limburg,2017,6723,77,T
Oost_Vlaanderen,2017,6388,77,F
Oost_Vlaanderen,2017,5033,77,M
Oost_Vlaanderen,2017,11421,77,T
Vlaams_Brabant,2017,4501,77,F
Vlaams_Brabant,2017,3613,77,M
Vlaams_Brabant,2017,8114,77,T
West_Vlaanderen,2017,6082,77,F
West_Vlaanderen,2017,4742,77,M
West_Vlaanderen,2017,10824,77,T
Brabant_Wallon,2017,1522,77,F
Brabant_Wallon,2017,1205,77,M
Brabant_Wallon,2017,2727,77,T
Hainaut,2017,5022,77,F
Hainaut,2017,3523,77,M
Hainaut,2017,8545,77,T
Liege,2017,4370,77,F
Liege,2017,3354,77,M
Liege,2017,7724,77,T
Luxembourg,2017,1026,77,F
Luxembourg,2017,744,77,M
Luxembourg,2017,1770,77,T
Namur,2017,1880,77,F
Namur,2017,1421,77,M
Namur,2017,3301,77,T
Bruxelles,2017,3341,78,F
Bruxelles,2017,2259,78,M
Bruxelles,2017,5600,78,T
Antwerpen,2017,7600,78,F
Antwerpen,2017,6145,78,M
Antwerpen,2017,13745,78,T
Limburg,2017,3523,78,F
Limburg,2017,3145,78,M
Limburg,2017,6668,78,T
Oost_Vlaanderen,2017,6408,78,F
Oost_Vlaanderen,2017,5019,78,M
Oost_Vlaanderen,2017,11427,78,T
Vlaams_Brabant,2017,4545,78,F
Vlaams_Brabant,2017,3499,78,M
Vlaams_Brabant,2017,8044,78,T
West_Vlaanderen,2017,5876,78,F
West_Vlaanderen,2017,4804,78,M
West_Vlaanderen,2017,10680,78,T
Brabant_Wallon,2017,1487,78,F
Brabant_Wallon,2017,1104,78,M
Brabant_Wallon,2017,2591,78,T
Hainaut,2017,4960,78,F
Hainaut,2017,3352,78,M
Hainaut,2017,8312,78,T
Liege,2017,4346,78,F
Liege,2017,3106,78,M
Liege,2017,7452,78,T
Luxembourg,2017,974,78,F
Luxembourg,2017,723,78,M
Luxembourg,2017,1697,78,T
Namur,2017,1847,78,F
Namur,2017,1334,78,M
Namur,2017,3181,78,T
Bruxelles,2017,3078,79,F
Bruxelles,2017,2069,79,M
Bruxelles,2017,5147,79,T
Antwerpen,2017,6971,79,F
Antwerpen,2017,5717,79,M
Antwerpen,2017,12688,79,T
Limburg,2017,3432,79,F
Limburg,2017,2822,79,M
Limburg,2017,6254,79,T
Oost_Vlaanderen,2017,5929,79,F
Oost_Vlaanderen,2017,4660,79,M
Oost_Vlaanderen,2017,10589,79,T
Vlaams_Brabant,2017,4461,79,F
Vlaams_Brabant,2017,3399,79,M
Vlaams_Brabant,2017,7860,79,T
West_Vlaanderen,2017,5607,79,F
West_Vlaanderen,2017,4494,79,M
West_Vlaanderen,2017,10101,79,T
Brabant_Wallon,2017,1353,79,F
Brabant_Wallon,2017,1075,79,M
Brabant_Wallon,2017,2428,79,T
Hainaut,2017,4626,79,F
Hainaut,2017,3034,79,M
Hainaut,2017,7660,79,T
Liege,2017,3837,79,F
Liege,2017,2879,79,M
Liege,2017,6716,79,T
Luxembourg,2017,944,79,F
Luxembourg,2017,718,79,M
Luxembourg,2017,1662,79,T
Namur,2017,1760,79,F
Namur,2017,1173,79,M
Namur,2017,2933,79,T
Bruxelles,2017,3100,80,F
Bruxelles,2017,2011,80,M
Bruxelles,2017,5111,80,T
Antwerpen,2017,6751,80,F
Antwerpen,2017,5233,80,M
Antwerpen,2017,11984,80,T
Limburg,2017,3069,80,F
Limburg,2017,2601,80,M
Limburg,2017,5670,80,T
Oost_Vlaanderen,2017,5937,80,F
Oost_Vlaanderen,2017,4164,80,M
Oost_Vlaanderen,2017,10101,80,T
Vlaams_Brabant,2017,4088,80,F
Vlaams_Brabant,2017,3118,80,M
Vlaams_Brabant,2017,7206,80,T
West_Vlaanderen,2017,5219,80,F
West_Vlaanderen,2017,4072,80,M
West_Vlaanderen,2017,9291,80,T
Brabant_Wallon,2017,1320,80,F
Brabant_Wallon,2017,970,80,M
Brabant_Wallon,2017,2290,80,T
Hainaut,2017,4533,80,F
Hainaut,2017,2834,80,M
Hainaut,2017,7367,80,T
Liege,2017,3819,80,F
Liege,2017,2587,80,M
Liege,2017,6406,80,T
Luxembourg,2017,905,80,F
Luxembourg,2017,582,80,M
Luxembourg,2017,1487,80,T
Namur,2017,1635,80,F
Namur,2017,1167,80,M
Namur,2017,2802,80,T
Bruxelles,2017,3046,81,F
Bruxelles,2017,1819,81,M
Bruxelles,2017,4865,81,T
Antwerpen,2017,6538,81,F
Antwerpen,2017,4866,81,M
Antwerpen,2017,11404,81,T
Limburg,2017,3054,81,F
Limburg,2017,2277,81,M
Limburg,2017,5331,81,T
Oost_Vlaanderen,2017,5489,81,F
Oost_Vlaanderen,2017,3962,81,M
Oost_Vlaanderen,2017,9451,81,T
Vlaams_Brabant,2017,4008,81,F
Vlaams_Brabant,2017,2939,81,M
Vlaams_Brabant,2017,6947,81,T
West_Vlaanderen,2017,5044,81,F
West_Vlaanderen,2017,3744,81,M
West_Vlaanderen,2017,8788,81,T
Brabant_Wallon,2017,1202,81,F
Brabant_Wallon,2017,851,81,M
Brabant_Wallon,2017,2053,81,T
Hainaut,2017,4308,81,F
Hainaut,2017,2664,81,M
Hainaut,2017,6972,81,T
Liege,2017,3632,81,F
Liege,2017,2397,81,M
Liege,2017,6029,81,T
Luxembourg,2017,861,81,F
Luxembourg,2017,614,81,M
Luxembourg,2017,1475,81,T
Namur,2017,1595,81,F
Namur,2017,965,81,M
Namur,2017,2560,81,T
Bruxelles,2017,2880,82,F
Bruxelles,2017,1766,82,M
Bruxelles,2017,4646,82,T
Antwerpen,2017,6288,82,F
Antwerpen,2017,4413,82,M
Antwerpen,2017,10701,82,T
Limburg,2017,2948,82,F
Limburg,2017,2181,82,M
Limburg,2017,5129,82,T
Oost_Vlaanderen,2017,5563,82,F
Oost_Vlaanderen,2017,3791,82,M
Oost_Vlaanderen,2017,9354,82,T
Vlaams_Brabant,2017,3947,82,F
Vlaams_Brabant,2017,2884,82,M
Vlaams_Brabant,2017,6831,82,T
West_Vlaanderen,2017,4964,82,F
West_Vlaanderen,2017,3558,82,M
West_Vlaanderen,2017,8522,82,T
Brabant_Wallon,2017,1195,82,F
Brabant_Wallon,2017,799,82,M
Brabant_Wallon,2017,1994,82,T
Hainaut,2017,4306,82,F
Hainaut,2017,2471,82,M
Hainaut,2017,6777,82,T
Liege,2017,3584,82,F
Liege,2017,2281,82,M
Liege,2017,5865,82,T
Luxembourg,2017,872,82,F
Luxembourg,2017,604,82,M
Luxembourg,2017,1476,82,T
Namur,2017,1508,82,F
Namur,2017,975,82,M
Namur,2017,2483,82,T
Bruxelles,2017,2777,83,F
Bruxelles,2017,1561,83,M
Bruxelles,2017,4338,83,T
Antwerpen,2017,5924,83,F
Antwerpen,2017,4101,83,M
Antwerpen,2017,10025,83,T
Limburg,2017,2701,83,F
Limburg,2017,1936,83,M
Limburg,2017,4637,83,T
Oost_Vlaanderen,2017,5328,83,F
Oost_Vlaanderen,2017,3499,83,M
Oost_Vlaanderen,2017,8827,83,T
Vlaams_Brabant,2017,3758,83,F
Vlaams_Brabant,2017,2646,83,M
Vlaams_Brabant,2017,6404,83,T
West_Vlaanderen,2017,4596,83,F
West_Vlaanderen,2017,3282,83,M
West_Vlaanderen,2017,7878,83,T
Brabant_Wallon,2017,1165,83,F
Brabant_Wallon,2017,768,83,M
Brabant_Wallon,2017,1933,83,T
Hainaut,2017,4083,83,F
Hainaut,2017,2265,83,M
Hainaut,2017,6348,83,T
Liege,2017,3430,83,F
Liege,2017,2200,83,M
Liege,2017,5630,83,T
Luxembourg,2017,840,83,F
Luxembourg,2017,527,83,M
Luxembourg,2017,1367,83,T
Namur,2017,1409,83,F
Namur,2017,847,83,M
Namur,2017,2256,83,T
Bruxelles,2017,2674,84,F
Bruxelles,2017,1539,84,M
Bruxelles,2017,4213,84,T
Antwerpen,2017,5756,84,F
Antwerpen,2017,3857,84,M
Antwerpen,2017,9613,84,T
Limburg,2017,2637,84,F
Limburg,2017,1709,84,M
Limburg,2017,4346,84,T
Oost_Vlaanderen,2017,5096,84,F
Oost_Vlaanderen,2017,3132,84,M
Oost_Vlaanderen,2017,8228,84,T
Vlaams_Brabant,2017,3770,84,F
Vlaams_Brabant,2017,2369,84,M
Vlaams_Brabant,2017,6139,84,T
West_Vlaanderen,2017,4646,84,F
West_Vlaanderen,2017,3021,84,M
West_Vlaanderen,2017,7667,84,T
Brabant_Wallon,2017,1163,84,F
Brabant_Wallon,2017,705,84,M
Brabant_Wallon,2017,1868,84,T
Hainaut,2017,4333,84,F
Hainaut,2017,2149,84,M
Hainaut,2017,6482,84,T
Liege,2017,3455,84,F
Liege,2017,2065,84,M
Liege,2017,5520,84,T
Luxembourg,2017,757,84,F
Luxembourg,2017,468,84,M
Luxembourg,2017,1225,84,T
Namur,2017,1479,84,F
Namur,2017,861,84,M
Namur,2017,2340,84,T
Bruxelles,2017,2549,85,F
Bruxelles,2017,1345,85,M
Bruxelles,2017,3894,85,T
Antwerpen,2017,5368,85,F
Antwerpen,2017,3507,85,M
Antwerpen,2017,8875,85,T
Limburg,2017,2305,85,F
Limburg,2017,1534,85,M
Limburg,2017,3839,85,T
Oost_Vlaanderen,2017,4832,85,F
Oost_Vlaanderen,2017,2897,85,M
Oost_Vlaanderen,2017,7729,85,T
Vlaams_Brabant,2017,3478,85,F
Vlaams_Brabant,2017,2151,85,M
Vlaams_Brabant,2017,5629,85,T
West_Vlaanderen,2017,4395,85,F
West_Vlaanderen,2017,2682,85,M
West_Vlaanderen,2017,7077,85,T
Brabant_Wallon,2017,1083,85,F
Brabant_Wallon,2017,652,85,M
Brabant_Wallon,2017,1735,85,T
Hainaut,2017,4012,85,F
Hainaut,2017,2014,85,M
Hainaut,2017,6026,85,T
Liege,2017,3208,85,F
Liege,2017,1808,85,M
Liege,2017,5016,85,T
Luxembourg,2017,801,85,F
Luxembourg,2017,434,85,M
Luxembourg,2017,1235,85,T
Namur,2017,1411,85,F
Namur,2017,739,85,M
Namur,2017,2150,85,T
Bruxelles,2017,2623,86,F
Bruxelles,2017,1229,86,M
Bruxelles,2017,3852,86,T
Antwerpen,2017,4950,86,F
Antwerpen,2017,3111,86,M
Antwerpen,2017,8061,86,T
Limburg,2017,2138,86,F
Limburg,2017,1370,86,M
Limburg,2017,3508,86,T
Oost_Vlaanderen,2017,4423,86,F
Oost_Vlaanderen,2017,2430,86,M
Oost_Vlaanderen,2017,6853,86,T
Vlaams_Brabant,2017,3287,86,F
Vlaams_Brabant,2017,1902,86,M
Vlaams_Brabant,2017,5189,86,T
West_Vlaanderen,2017,3937,86,F
West_Vlaanderen,2017,2354,86,M
West_Vlaanderen,2017,6291,86,T
Brabant_Wallon,2017,956,86,F
Brabant_Wallon,2017,616,86,M
Brabant_Wallon,2017,1572,86,T
Hainaut,2017,3798,86,F
Hainaut,2017,1766,86,M
Hainaut,2017,5564,86,T
Liege,2017,2990,86,F
Liege,2017,1515,86,M
Liege,2017,4505,86,T
Luxembourg,2017,713,86,F
Luxembourg,2017,413,86,M
Luxembourg,2017,1126,86,T
Namur,2017,1272,86,F
Namur,2017,655,86,M
Namur,2017,1927,86,T
Bruxelles,2017,2266,87,F
Bruxelles,2017,1026,87,M
Bruxelles,2017,3292,87,T
Antwerpen,2017,4368,87,F
Antwerpen,2017,2491,87,M
Antwerpen,2017,6859,87,T
Limburg,2017,1843,87,F
Limburg,2017,1033,87,M
Limburg,2017,2876,87,T
Oost_Vlaanderen,2017,3624,87,F
Oost_Vlaanderen,2017,1891,87,M
Oost_Vlaanderen,2017,5515,87,T
Vlaams_Brabant,2017,2763,87,F
Vlaams_Brabant,2017,1464,87,M
Vlaams_Brabant,2017,4227,87,T
West_Vlaanderen,2017,3492,87,F
West_Vlaanderen,2017,1898,87,M
West_Vlaanderen,2017,5390,87,T
Brabant_Wallon,2017,917,87,F
Brabant_Wallon,2017,483,87,M
Brabant_Wallon,2017,1400,87,T
Hainaut,2017,3175,87,F
Hainaut,2017,1518,87,M
Hainaut,2017,4693,87,T
Liege,2017,2624,87,F
Liege,2017,1233,87,M
Liege,2017,3857,87,T
Luxembourg,2017,587,87,F
Luxembourg,2017,315,87,M
Luxembourg,2017,902,87,T
Namur,2017,1114,87,F
Namur,2017,509,87,M
Namur,2017,1623,87,T
Bruxelles,2017,2049,88,F
Bruxelles,2017,900,88,M
Bruxelles,2017,2949,88,T
Antwerpen,2017,3713,88,F
Antwerpen,2017,2051,88,M
Antwerpen,2017,5764,88,T
Limburg,2017,1590,88,F
Limburg,2017,884,88,M
Limburg,2017,2474,88,T
Oost_Vlaanderen,2017,3226,88,F
Oost_Vlaanderen,2017,1596,88,M
Oost_Vlaanderen,2017,4822,88,T
Vlaams_Brabant,2017,2393,88,F
Vlaams_Brabant,2017,1215,88,M
Vlaams_Brabant,2017,3608,88,T
West_Vlaanderen,2017,2972,88,F
West_Vlaanderen,2017,1585,88,M
West_Vlaanderen,2017,4557,88,T
Brabant_Wallon,2017,726,88,F
Brabant_Wallon,2017,382,88,M
Brabant_Wallon,2017,1108,88,T
Hainaut,2017,2915,88,F
Hainaut,2017,1144,88,M
Hainaut,2017,4059,88,T
Liege,2017,2192,88,F
Liege,2017,1030,88,M
Liege,2017,3222,88,T
Luxembourg,2017,578,88,F
Luxembourg,2017,279,88,M
Luxembourg,2017,857,88,T
Namur,2017,962,88,F
Namur,2017,432,88,M
Namur,2017,1394,88,T
Bruxelles,2017,1782,89,F
Bruxelles,2017,734,89,M
Bruxelles,2017,2516,89,T
Antwerpen,2017,3138,89,F
Antwerpen,2017,1661,89,M
Antwerpen,2017,4799,89,T
Limburg,2017,1407,89,F
Limburg,2017,667,89,M
Limburg,2017,2074,89,T
Oost_Vlaanderen,2017,2728,89,F
Oost_Vlaanderen,2017,1276,89,M
Oost_Vlaanderen,2017,4004,89,T
Vlaams_Brabant,2017,2018,89,F
Vlaams_Brabant,2017,1127,89,M
Vlaams_Brabant,2017,3145,89,T
West_Vlaanderen,2017,2546,89,F
West_Vlaanderen,2017,1253,89,M
West_Vlaanderen,2017,3799,89,T
Brabant_Wallon,2017,669,89,F
Brabant_Wallon,2017,293,89,M
Brabant_Wallon,2017,962,89,T
Hainaut,2017,2653,89,F
Hainaut,2017,994,89,M
Hainaut,2017,3647,89,T
Liege,2017,1922,89,F
Liege,2017,831,89,M
Liege,2017,2753,89,T
Luxembourg,2017,449,89,F
Luxembourg,2017,216,89,M
Luxembourg,2017,665,89,T
Namur,2017,810,89,F
Namur,2017,353,89,M
Namur,2017,1163,89,T
Bruxelles,2017,1575,90,F
Bruxelles,2017,630,90,M
Bruxelles,2017,2205,90,T
Antwerpen,2017,2764,90,F
Antwerpen,2017,1339,90,M
Antwerpen,2017,4103,90,T
Limburg,2017,1097,90,F
Limburg,2017,521,90,M
Limburg,2017,1618,90,T
Oost_Vlaanderen,2017,2340,90,F
Oost_Vlaanderen,2017,983,90,M
Oost_Vlaanderen,2017,3323,90,T
Vlaams_Brabant,2017,1803,90,F
Vlaams_Brabant,2017,824,90,M
Vlaams_Brabant,2017,2627,90,T
West_Vlaanderen,2017,2282,90,F
West_Vlaanderen,2017,1046,90,M
West_Vlaanderen,2017,3328,90,T
Brabant_Wallon,2017,539,90,F
Brabant_Wallon,2017,261,90,M
Brabant_Wallon,2017,800,90,T
Hainaut,2017,2134,90,F
Hainaut,2017,781,90,M
Hainaut,2017,2915,90,T
Liege,2017,1706,90,F
Liege,2017,664,90,M
Liege,2017,2370,90,T
Luxembourg,2017,464,90,F
Luxembourg,2017,156,90,M
Luxembourg,2017,620,90,T
Namur,2017,741,90,F
Namur,2017,270,90,M
Namur,2017,1011,90,T
Bruxelles,2017,1443,91,F
Bruxelles,2017,492,91,M
Bruxelles,2017,1935,91,T
Antwerpen,2017,2239,91,F
Antwerpen,2017,1059,91,M
Antwerpen,2017,3298,91,T
Limburg,2017,907,91,F
Limburg,2017,409,91,M
Limburg,2017,1316,91,T
Oost_Vlaanderen,2017,2000,91,F
Oost_Vlaanderen,2017,832,91,M
Oost_Vlaanderen,2017,2832,91,T
Vlaams_Brabant,2017,1499,91,F
Vlaams_Brabant,2017,705,91,M
Vlaams_Brabant,2017,2204,91,T
West_Vlaanderen,2017,1907,91,F
West_Vlaanderen,2017,878,91,M
West_Vlaanderen,2017,2785,91,T
Brabant_Wallon,2017,494,91,F
Brabant_Wallon,2017,225,91,M
Brabant_Wallon,2017,719,91,T
Hainaut,2017,1948,91,F
Hainaut,2017,639,91,M
Hainaut,2017,2587,91,T
Liege,2017,1429,91,F
Liege,2017,543,91,M
Liege,2017,1972,91,T
Luxembourg,2017,351,91,F
Luxembourg,2017,134,91,M
Luxembourg,2017,485,91,T
Namur,2017,637,91,F
Namur,2017,208,91,M
Namur,2017,845,91,T
Bruxelles,2017,1178,92,F
Bruxelles,2017,412,92,M
Bruxelles,2017,1590,92,T
Antwerpen,2017,1858,92,F
Antwerpen,2017,737,92,M
Antwerpen,2017,2595,92,T
Limburg,2017,750,92,F
Limburg,2017,299,92,M
Limburg,2017,1049,92,T
Oost_Vlaanderen,2017,1604,92,F
Oost_Vlaanderen,2017,646,92,M
Oost_Vlaanderen,2017,2250,92,T
Vlaams_Brabant,2017,1240,92,F
Vlaams_Brabant,2017,511,92,M
Vlaams_Brabant,2017,1751,92,T
West_Vlaanderen,2017,1617,92,F
West_Vlaanderen,2017,688,92,M
West_Vlaanderen,2017,2305,92,T
Brabant_Wallon,2017,454,92,F
Brabant_Wallon,2017,175,92,M
Brabant_Wallon,2017,629,92,T
Hainaut,2017,1596,92,F
Hainaut,2017,446,92,M
Hainaut,2017,2042,92,T
Liege,2017,1125,92,F
Liege,2017,408,92,M
Liege,2017,1533,92,T
Luxembourg,2017,265,92,F
Luxembourg,2017,97,92,M
Luxembourg,2017,362,92,T
Namur,2017,483,92,F
Namur,2017,172,92,M
Namur,2017,655,92,T
Bruxelles,2017,1005,93,F
Bruxelles,2017,287,93,M
Bruxelles,2017,1292,93,T
Antwerpen,2017,1450,93,F
Antwerpen,2017,600,93,M
Antwerpen,2017,2050,93,T
Limburg,2017,567,93,F
Limburg,2017,227,93,M
Limburg,2017,794,93,T
Oost_Vlaanderen,2017,1274,93,F
Oost_Vlaanderen,2017,462,93,M
Oost_Vlaanderen,2017,1736,93,T
Vlaams_Brabant,2017,1003,93,F
Vlaams_Brabant,2017,397,93,M
Vlaams_Brabant,2017,1400,93,T
West_Vlaanderen,2017,1282,93,F
West_Vlaanderen,2017,472,93,M
West_Vlaanderen,2017,1754,93,T
Brabant_Wallon,2017,373,93,F
Brabant_Wallon,2017,111,93,M
Brabant_Wallon,2017,484,93,T
Hainaut,2017,1200,93,F
Hainaut,2017,313,93,M
Hainaut,2017,1513,93,T
Liege,2017,892,93,F
Liege,2017,255,93,M
Liege,2017,1147,93,T
Luxembourg,2017,210,93,F
Luxembourg,2017,73,93,M
Luxembourg,2017,283,93,T
Namur,2017,418,93,F
Namur,2017,127,93,M
Namur,2017,545,93,T
Bruxelles,2017,781,94,F
Bruxelles,2017,239,94,M
Bruxelles,2017,1020,94,T
Antwerpen,2017,1097,94,F
Antwerpen,2017,417,94,M
Antwerpen,2017,1514,94,T
Limburg,2017,396,94,F
Limburg,2017,131,94,M
Limburg,2017,527,94,T
Oost_Vlaanderen,2017,987,94,F
Oost_Vlaanderen,2017,362,94,M
Oost_Vlaanderen,2017,1349,94,T
Vlaams_Brabant,2017,708,94,F
Vlaams_Brabant,2017,280,94,M
Vlaams_Brabant,2017,988,94,T
West_Vlaanderen,2017,989,94,F
West_Vlaanderen,2017,347,94,M
West_Vlaanderen,2017,1336,94,T
Brabant_Wallon,2017,238,94,F
Brabant_Wallon,2017,91,94,M
Brabant_Wallon,2017,329,94,T
Hainaut,2017,985,94,F
Hainaut,2017,240,94,M
Hainaut,2017,1225,94,T
Liege,2017,682,94,F
Liege,2017,211,94,M
Liege,2017,893,94,T
Luxembourg,2017,195,94,F
Luxembourg,2017,51,94,M
Luxembourg,2017,246,94,T
Namur,2017,306,94,F
Namur,2017,97,94,M
Namur,2017,403,94,T
Bruxelles,2017,617,95,F
Bruxelles,2017,180,95,M
Bruxelles,2017,797,95,T
Antwerpen,2017,876,95,F
Antwerpen,2017,275,95,M
Antwerpen,2017,1151,95,T
Limburg,2017,280,95,F
Limburg,2017,88,95,M
Limburg,2017,368,95,T
Oost_Vlaanderen,2017,777,95,F
Oost_Vlaanderen,2017,211,95,M
Oost_Vlaanderen,2017,988,95,T
Vlaams_Brabant,2017,529,95,F
Vlaams_Brabant,2017,192,95,M
Vlaams_Brabant,2017,721,95,T
West_Vlaanderen,2017,654,95,F
West_Vlaanderen,2017,262,95,M
West_Vlaanderen,2017,916,95,T
Brabant_Wallon,2017,214,95,F
Brabant_Wallon,2017,65,95,M
Brabant_Wallon,2017,279,95,T
Hainaut,2017,738,95,F
Hainaut,2017,191,95,M
Hainaut,2017,929,95,T
Liege,2017,505,95,F
Liege,2017,146,95,M
Liege,2017,651,95,T
Luxembourg,2017,111,95,F
Luxembourg,2017,29,95,M
Luxembourg,2017,140,95,T
Namur,2017,256,95,F
Namur,2017,73,95,M
Namur,2017,329,95,T
Bruxelles,2017,460,96,F
Bruxelles,2017,118,96,M
Bruxelles,2017,578,96,T
Antwerpen,2017,665,96,F
Antwerpen,2017,216,96,M
Antwerpen,2017,881,96,T
Limburg,2017,194,96,F
Limburg,2017,58,96,M
Limburg,2017,252,96,T
Oost_Vlaanderen,2017,552,96,F
Oost_Vlaanderen,2017,141,96,M
Oost_Vlaanderen,2017,693,96,T
Vlaams_Brabant,2017,370,96,F
Vlaams_Brabant,2017,118,96,M
Vlaams_Brabant,2017,488,96,T
West_Vlaanderen,2017,519,96,F
West_Vlaanderen,2017,146,96,M
West_Vlaanderen,2017,665,96,T
Brabant_Wallon,2017,159,96,F
Brabant_Wallon,2017,36,96,M
Brabant_Wallon,2017,195,96,T
Hainaut,2017,532,96,F
Hainaut,2017,120,96,M
Hainaut,2017,652,96,T
Liege,2017,396,96,F
Liege,2017,91,96,M
Liege,2017,487,96,T
Luxembourg,2017,97,96,F
Luxembourg,2017,21,96,M
Luxembourg,2017,118,96,T
Namur,2017,161,96,F
Namur,2017,37,96,M
Namur,2017,198,96,T
